timestamp,open,high,low,close,adjusted_close,volume,dividend_amount,split_coefficient
2012-05-31,0.3,0.3,0.3,0.3,0.2617,10000,0.0,1.0
2012-06-01,0.25,0.25,0.25,0.25,0.2181,133000,0.0,1.0
2012-06-04,0.25,0.25,0.25,0.25,0.2181,0,0.0,1.0
2012-06-05,0.25,0.25,0.25,0.25,0.2181,0,0.0,1.0
2012-06-06,0.25,0.25,0.25,0.25,0.2181,0,0.0,1.0
2012-06-07,0.25,0.25,0.25,0.25,0.2181,0,0.0,1.0
2012-06-08,0.25,0.25,0.25,0.25,0.2181,0,0.0,1.0
2012-06-11,0.25,0.25,0.25,0.25,0.2181,0,0.0,1.0
2012-06-12,0.25,0.25,0.25,0.25,0.2181,0,0.0,1.0
2012-06-13,0.25,0.25,0.25,0.25,0.2181,0,0.0,1.0
2012-06-14,0.25,0.25,0.25,0.25,0.2181,0,0.0,1.0
2012-06-15,0.25,0.25,0.25,0.25,0.2181,0,0.0,1.0
2012-06-18,0.25,0.25,0.25,0.25,0.2181,0,0.0,1.0
2012-06-19,0.25,0.25,0.25,0.25,0.2181,0,0.0,1.0
2012-06-20,0.25,0.25,0.25,0.25,0.2181,0,0.0,1.0
2012-06-21,0.25,0.25,0.25,0.25,0.2181,0,0.0,1.0
2012-06-22,0.225,0.225,0.225,0.225,0.1963,10000,0.0,1.0
2012-06-25,0.225,0.225,0.225,0.225,0.1963,10000,0.0,1.0
2012-06-26,0.225,0.225,0.225,0.225,0.1963,0,0.0,1.0
2012-06-27,0.225,0.225,0.225,0.225,0.1963,0,0.0,1.0
2012-06-28,0.225,0.225,0.225,0.225,0.1963,0,0.0,1.0
2012-06-29,0.225,0.225,0.225,0.225,0.1963,0,0.0,1.0
2012-07-02,0.225,0.225,0.225,0.225,0.1963,0,0.0,1.0
2012-07-03,0.225,0.225,0.225,0.225,0.1963,0,0.0,1.0
2012-07-05,0.225,0.225,0.225,0.225,0.1963,0,0.0,1.0
2012-07-06,0.225,0.225,0.225,0.225,0.1963,0,0.0,1.0
2012-07-09,0.225,0.225,0.225,0.225,0.1963,0,0.0,1.0
2012-07-10,0.225,0.225,0.225,0.225,0.1963,0,0.0,1.0
2012-07-11,0.22,0.26,0.22,0.26,0.2268,6000,0.0,1.0
2012-07-12,0.26,0.26,0.26,0.26,0.2268,0,0.0,1.0
2012-07-13,0.26,0.26,0.26,0.26,0.2268,0,0.0,1.0
2012-07-16,0.26,0.26,0.26,0.26,0.2268,0,0.0,1.0
2012-07-17,0.26,0.26,0.26,0.26,0.2268,0,0.0,1.0
2012-07-18,0.26,0.26,0.26,0.26,0.2268,0,0.0,1.0
2012-07-19,0.26,0.26,0.26,0.26,0.2268,0,0.0,1.0
2012-07-20,0.26,0.26,0.26,0.26,0.2268,0,0.0,1.0
2012-07-23,0.26,0.26,0.26,0.26,0.2268,0,0.0,1.0
2012-07-24,0.26,0.26,0.26,0.26,0.2268,0,0.0,1.0
2012-07-25,0.26,0.26,0.26,0.26,0.2268,0,0.0,1.0
2012-07-26,0.26,0.26,0.26,0.26,0.2268,0,0.0,1.0
2012-07-27,0.26,0.26,0.26,0.26,0.2268,0,0.0,1.0
2012-07-30,0.26,0.26,0.26,0.26,0.2268,0,0.0,1.0
2012-07-31,0.26,0.26,0.26,0.26,0.2268,0,0.0,1.0
2012-08-01,0.26,0.26,0.26,0.26,0.2268,0,0.0,1.0
2012-08-02,0.26,0.26,0.26,0.26,0.2268,0,0.0,1.0
2012-08-03,0.25,0.26,0.25,0.26,0.2268,103000,0.0,1.0
2012-08-06,0.26,0.26,0.26,0.26,0.2268,0,0.0,1.0
2012-08-07,0.26,0.26,0.26,0.26,0.2268,0,0.0,1.0
2012-08-08,0.26,0.26,0.26,0.26,0.2268,0,0.0,1.0
2012-08-09,0.26,0.26,0.26,0.26,0.2268,0,0.0,1.0
2012-08-10,0.26,0.26,0.26,0.26,0.2268,0,0.0,1.0
2012-08-13,0.215,0.215,0.215,0.215,0.1875,5000,0.0,1.0
2012-08-14,0.215,0.215,0.215,0.215,0.1875,0,0.0,1.0
2012-08-15,0.215,0.215,0.215,0.215,0.1875,0,0.0,1.0
2012-08-16,0.215,0.215,0.215,0.215,0.1875,0,0.0,1.0
2012-08-17,0.215,0.215,0.215,0.215,0.1875,0,0.0,1.0
2012-08-20,0.215,0.215,0.215,0.215,0.1875,0,0.0,1.0
2012-08-21,0.25,0.25,0.25,0.25,0.2181,10000,0.0,1.0
2012-08-22,0.25,0.25,0.25,0.25,0.2181,0,0.0,1.0
2012-08-23,0.25,0.25,0.25,0.25,0.2181,0,0.0,1.0
2012-08-24,0.25,0.25,0.25,0.25,0.2181,0,0.0,1.0
2012-08-27,0.25,0.25,0.25,0.25,0.2181,0,0.0,1.0
2012-08-28,0.25,0.25,0.25,0.25,0.2181,0,0.0,1.0
2012-08-29,0.25,0.25,0.25,0.25,0.2181,0,0.0,1.0
2012-08-30,0.25,0.25,0.25,0.25,0.2181,0,0.0,1.0
2012-08-31,0.25,0.25,0.25,0.25,0.2181,0,0.0,1.0
2012-09-04,0.25,0.25,0.25,0.25,0.2181,0,0.0,1.0
2012-09-05,0.25,0.25,0.25,0.25,0.2181,0,0.0,1.0
2012-09-06,0.25,0.25,0.25,0.25,0.2181,0,0.0,1.0
2012-09-07,0.25,0.25,0.25,0.25,0.2181,0,0.0,1.0
2012-09-10,0.25,0.25,0.25,0.25,0.2181,0,0.0,1.0
2012-09-11,0.255,0.255,0.255,0.255,0.2224,30000,0.0,1.0
2012-09-12,0.255,0.255,0.255,0.255,0.2224,0,0.0,1.0
2012-09-13,0.255,0.255,0.255,0.255,0.2224,0,0.0,1.0
2012-09-14,0.255,0.255,0.255,0.255,0.2224,0,0.0,1.0
2012-09-17,0.255,0.255,0.255,0.255,0.2224,0,0.0,1.0
2012-09-18,0.255,0.255,0.255,0.255,0.2224,0,0.0,1.0
2012-09-19,0.255,0.255,0.255,0.255,0.2224,0,0.0,1.0
2012-09-20,0.255,0.255,0.255,0.255,0.2224,0,0.0,1.0
2012-09-21,0.255,0.255,0.255,0.255,0.2224,0,0.0,1.0
2012-09-24,0.255,0.255,0.255,0.255,0.2224,0,0.0,1.0
2012-09-25,0.255,0.255,0.255,0.255,0.2224,0,0.0,1.0
2012-09-26,0.255,0.255,0.255,0.255,0.2224,0,0.0,1.0
2012-09-27,0.255,0.255,0.255,0.255,0.2224,0,0.0,1.0
2012-09-28,0.255,0.255,0.255,0.255,0.2224,0,0.0,1.0
2012-10-01,0.255,0.255,0.255,0.255,0.2224,0,0.0,1.0
2012-10-02,0.255,0.255,0.255,0.255,0.2224,0,0.0,1.0
2012-10-03,0.255,0.255,0.255,0.255,0.2224,0,0.0,1.0
2012-10-04,0.255,0.255,0.255,0.255,0.2224,0,0.0,1.0
2012-10-05,0.255,0.255,0.255,0.255,0.2224,0,0.0,1.0
2012-10-08,0.255,0.255,0.255,0.255,0.2224,0,0.0,1.0
2012-10-09,0.255,0.255,0.255,0.255,0.2224,0,0.0,1.0
2012-10-10,0.255,0.255,0.255,0.255,0.2224,0,0.0,1.0
2012-10-11,0.255,0.255,0.255,0.255,0.2224,0,0.0,1.0
2012-10-12,0.255,0.255,0.255,0.255,0.2224,0,0.0,1.0
2012-10-15,0.255,0.255,0.255,0.255,0.2224,0,0.0,1.0
2012-10-16,0.255,0.255,0.255,0.255,0.2224,0,0.0,1.0
2012-10-17,0.255,0.255,0.255,0.255,0.2224,0,0.0,1.0
2012-10-18,0.255,0.255,0.255,0.255,0.2224,0,0.0,1.0
2012-10-19,0.255,0.255,0.255,0.255,0.2224,0,0.0,1.0
2012-10-22,0.255,0.255,0.255,0.255,0.2224,0,0.0,1.0
2012-10-23,0.255,0.255,0.255,0.255,0.2224,0,0.0,1.0
2012-10-24,0.2,0.26,0.2,0.26,0.2268,9000,0.0,1.0
2012-10-25,0.26,0.26,0.26,0.26,0.2268,0,0.0,1.0
2012-10-26,0.26,0.26,0.26,0.26,0.2268,0,0.0,1.0
2012-10-31,0.35,0.35,0.35,0.35,0.3053,8000,0.0,1.0
2012-11-01,0.38,0.4,0.35,0.4,0.3489,10000,0.0,1.0
2012-11-02,0.4,0.4,0.4,0.4,0.3489,0,0.0,1.0
2012-11-05,0.4,0.4,0.4,0.4,0.3489,0,0.0,1.0
2012-11-06,0.4,0.4,0.4,0.4,0.3489,0,0.0,1.0
2012-11-07,0.4,0.4,0.4,0.4,0.3489,0,0.0,1.0
2012-11-08,0.4,0.4,0.4,0.4,0.3489,0,0.0,1.0
2012-11-09,0.4,0.4,0.4,0.4,0.3489,0,0.0,1.0
2012-11-12,0.4,0.4,0.4,0.4,0.3489,0,0.0,1.0
2012-11-13,0.4,0.4,0.4,0.4,0.3489,0,0.0,1.0
2012-11-14,0.4,0.4,0.4,0.4,0.3489,0,0.0,1.0
2012-11-15,0.4,0.4,0.4,0.4,0.3489,0,0.0,1.0
2012-11-16,0.4,0.4,0.4,0.4,0.3489,0,0.0,1.0
2012-11-19,0.4,0.4,0.4,0.4,0.3489,0,0.0,1.0
2012-11-20,0.4,0.4,0.4,0.4,0.3489,0,0.0,1.0
2012-11-21,0.4,0.4,0.4,0.4,0.3489,0,0.0,1.0
2012-11-23,0.4,0.4,0.4,0.4,0.3489,0,0.0,1.0
2012-11-26,0.4,0.4,0.4,0.4,0.3489,0,0.0,1.0
2012-11-27,0.4,0.4,0.4,0.4,0.3489,0,0.0,1.0
2012-11-28,0.4,0.4,0.4,0.4,0.3489,0,0.0,1.0
2012-11-29,0.4,0.4,0.4,0.4,0.3489,0,0.0,1.0
2012-11-30,0.4,0.4,0.4,0.4,0.3489,0,0.0,1.0
2012-12-03,0.4,0.4,0.4,0.4,0.3489,0,0.0,1.0
2012-12-04,0.4,0.4,0.4,0.4,0.3489,0,0.0,1.0
2012-12-05,0.4,0.4,0.4,0.4,0.3489,0,0.0,1.0
2012-12-06,0.4,0.4,0.4,0.4,0.3489,0,0.0,1.0
2012-12-07,0.4,0.4,0.4,0.4,0.3489,0,0.0,1.0
2012-12-10,0.4,0.4,0.4,0.4,0.3489,0,0.0,1.0
2012-12-11,0.4,0.4,0.4,0.4,0.3489,0,0.0,1.0
2012-12-12,0.4,0.4,0.4,0.4,0.3489,0,0.0,1.0
2012-12-13,0.4,0.4,0.4,0.4,0.3489,0,0.0,1.0
2012-12-14,0.4,0.4,0.4,0.4,0.3489,0,0.0,1.0
2012-12-17,0.4,0.4,0.4,0.4,0.3489,0,0.0,1.0
2012-12-18,0.4,0.4,0.4,0.4,0.3489,0,0.0,1.0
2012-12-19,0.4,0.4,0.4,0.4,0.3489,0,0.0,1.0
2012-12-20,0.4,0.4,0.4,0.4,0.3489,0,0.0,1.0
2012-12-21,0.4,0.4,0.4,0.4,0.3489,0,0.0,1.0
2012-12-24,0.4,0.4,0.4,0.4,0.3489,0,0.0,1.0
2012-12-26,0.4,0.4,0.4,0.4,0.3489,0,0.0,1.0
2012-12-27,0.4,0.4,0.4,0.4,0.3489,0,0.0,1.0
2012-12-28,0.4,0.4,0.4,0.4,0.3489,0,0.0,1.0
2012-12-31,0.4,0.4,0.4,0.4,0.3489,0,0.0,1.0
2013-01-02,0.4,0.4,0.4,0.4,0.3489,0,0.0,1.0
2013-01-03,0.4,0.4,0.4,0.4,0.3489,0,0.0,1.0
2013-01-04,0.4,0.4,0.4,0.4,0.3489,0,0.0,1.0
2013-01-07,0.4,0.4,0.4,0.4,0.3489,0,0.0,1.0
2013-01-08,0.4,0.4,0.4,0.4,0.3489,0,0.0,1.0
2013-01-09,0.4,0.4,0.4,0.4,0.3489,0,0.0,1.0
2013-01-10,0.4,0.4,0.4,0.4,0.3489,0,0.0,1.0
2013-01-11,0.4,0.4,0.4,0.4,0.3489,0,0.0,1.0
2013-01-14,0.4,0.4,0.4,0.4,0.3489,0,0.0,1.0
2013-01-15,0.4,0.4,0.4,0.4,0.3489,0,0.0,1.0
2013-01-16,0.4,0.4,0.4,0.4,0.3489,0,0.0,1.0
2013-01-17,0.4,0.4,0.4,0.4,0.3489,0,0.0,1.0
2013-01-18,0.4,0.4,0.4,0.4,0.3489,0,0.0,1.0
2013-01-22,0.4,0.4,0.4,0.4,0.3489,0,0.0,1.0
2013-01-23,0.4,0.4,0.4,0.4,0.3489,0,0.0,1.0
2013-01-24,0.4,0.4,0.4,0.4,0.3489,0,0.0,1.0
2013-01-25,0.4,0.4,0.4,0.4,0.3489,0,0.0,1.0
2013-01-28,0.4,0.4,0.4,0.4,0.3489,0,0.0,1.0
2013-01-29,0.4,0.4,0.4,0.4,0.3489,0,0.0,1.0
2013-01-30,0.4,0.4,0.4,0.4,0.3489,0,0.0,1.0
2013-01-31,0.4,0.4,0.4,0.4,0.3489,0,0.0,1.0
2013-02-01,0.4,0.4,0.4,0.4,0.3489,0,0.0,1.0
2013-02-04,0.4,0.4,0.4,0.4,0.3489,0,0.0,1.0
2013-02-05,0.4,0.4,0.4,0.4,0.3489,0,0.0,1.0
2013-02-06,0.4,0.4,0.4,0.4,0.3489,0,0.0,1.0
2013-02-07,0.4,0.4,0.4,0.4,0.3489,0,0.0,1.0
2013-02-08,0.4,0.4,0.4,0.4,0.3489,0,0.0,1.0
2013-02-11,0.4,0.4,0.4,0.4,0.3489,0,0.0,1.0
2013-02-12,0.4,0.4,0.4,0.4,0.3489,0,0.0,1.0
2013-02-13,0.4,0.4,0.4,0.4,0.3489,0,0.0,1.0
2013-02-14,0.4,0.4,0.4,0.4,0.3489,0,0.0,1.0
2013-02-15,0.4,0.4,0.4,0.4,0.3489,0,0.0,1.0
2013-02-19,0.4,0.4,0.4,0.4,0.3489,0,0.0,1.0
2013-02-20,0.4,0.4,0.4,0.4,0.3489,0,0.0,1.0
2013-02-21,0.4,0.4,0.4,0.4,0.3489,0,0.0,1.0
2013-02-22,0.4,0.4,0.4,0.4,0.3489,0,0.0,1.0
2013-02-25,0.4,0.4,0.4,0.4,0.3489,0,0.0,1.0
2013-02-26,0.4,0.4,0.4,0.4,0.3489,0,0.0,1.0
2013-02-27,0.4,0.4,0.4,0.4,0.3489,0,0.0,1.0
2013-02-28,0.4,0.4,0.4,0.4,0.3489,0,0.0,1.0
2013-03-01,0.4,0.4,0.4,0.4,0.3489,0,0.0,1.0
2013-03-04,0.4,0.4,0.4,0.4,0.3489,0,0.0,1.0
2013-03-05,0.4,0.4,0.4,0.4,0.3489,0,0.0,1.0
2013-03-06,0.4,0.4,0.4,0.4,0.3489,0,0.0,1.0
2013-03-07,0.4,0.4,0.4,0.4,0.3489,0,0.0,1.0
2013-03-08,0.4,0.4,0.4,0.4,0.3489,0,0.0,1.0
2013-03-11,0.4,0.4,0.4,0.4,0.3489,0,0.0,1.0
2013-03-12,0.4,0.4,0.4,0.4,0.3489,0,0.0,1.0
2013-03-13,0.4,0.4,0.4,0.4,0.3489,0,0.0,1.0
2013-03-14,0.4,0.4,0.4,0.4,0.3489,0,0.0,1.0
2013-03-15,0.4,0.4,0.4,0.4,0.3489,0,0.0,1.0
2013-03-18,0.4,0.4,0.4,0.4,0.3489,0,0.0,1.0
2013-03-19,0.4,0.4,0.4,0.4,0.3489,0,0.0,1.0
2013-03-20,0.4,0.4,0.4,0.4,0.3489,0,0.0,1.0
2013-03-21,0.4,0.4,0.4,0.4,0.3489,0,0.0,1.0
2013-03-22,0.4,0.4,0.4,0.4,0.3489,0,0.0,1.0
2013-03-25,0.4,0.4,0.4,0.4,0.3489,0,0.0,1.0
2013-03-26,0.4,0.4,0.4,0.4,0.3489,0,0.0,1.0
2013-03-27,0.4,0.4,0.4,0.4,0.3489,0,0.0,1.0
2013-03-28,0.4,0.4,0.4,0.4,0.3489,0,0.0,1.0
2013-04-01,0.4,0.4,0.4,0.4,0.3489,0,0.0,1.0
2013-04-02,0.4,0.4,0.4,0.4,0.3489,0,0.0,1.0
2013-04-03,0.4,0.4,0.4,0.4,0.3489,0,0.0,1.0
2013-04-04,0.4,0.4,0.4,0.4,0.3489,0,0.0,1.0
2013-04-05,0.4,0.4,0.4,0.4,0.3489,0,0.0,1.0
2013-04-08,0.4,0.4,0.4,0.4,0.3489,0,0.0,1.0
2013-04-09,0.4,0.4,0.4,0.4,0.3489,0,0.0,1.0
2013-04-10,0.4,0.4,0.4,0.4,0.3489,0,0.0,1.0
2013-04-11,0.4,0.4,0.4,0.4,0.3489,0,0.0,1.0
2013-04-12,0.4,0.4,0.4,0.4,0.3489,0,0.0,1.0
2013-04-15,0.4,0.4,0.4,0.4,0.3489,0,0.0,1.0
2013-04-16,0.4,0.4,0.4,0.4,0.3489,0,0.0,1.0
2013-04-17,0.4,0.4,0.4,0.4,0.3489,0,0.0,1.0
2013-04-18,0.4,0.4,0.4,0.4,0.3489,0,0.0,1.0
2013-04-19,0.4,0.4,0.4,0.4,0.3489,0,0.0,1.0
2013-04-22,0.4,0.4,0.4,0.4,0.3489,0,0.0,1.0
2013-04-23,0.4,0.4,0.4,0.4,0.3489,0,0.0,1.0
2013-04-24,0.4,0.4,0.4,0.4,0.3489,0,0.0,1.0
2013-04-25,0.4,0.4,0.4,0.4,0.3489,0,0.0,1.0
2013-04-26,0.4,0.4,0.4,0.4,0.3489,0,0.0,1.0
2013-04-29,0.4,0.4,0.4,0.4,0.3489,0,0.0,1.0
2013-04-30,0.4,0.4,0.4,0.4,0.3489,0,0.0,1.0
2013-05-01,0.4,0.4,0.4,0.4,0.3489,0,0.0,1.0
2013-05-02,0.4,0.4,0.4,0.4,0.3489,0,0.0,1.0
2013-05-03,0.4,0.4,0.4,0.4,0.3489,0,0.0,1.0
2013-05-06,0.4,0.4,0.4,0.4,0.3489,0,0.0,1.0
2013-05-07,0.4,0.4,0.4,0.4,0.3489,0,0.0,1.0
2013-05-08,0.4,0.4,0.4,0.4,0.3489,0,0.0,1.0
2013-05-09,0.4,0.4,0.4,0.4,0.3489,0,0.0,1.0
2013-05-10,0.4,0.4,0.4,0.4,0.3489,0,0.0,1.0
2013-05-13,0.4,0.4,0.4,0.4,0.3489,0,0.0,1.0
2013-05-14,0.4,0.4,0.4,0.4,0.3489,0,0.0,1.0
2013-05-15,0.4,0.4,0.4,0.4,0.3489,0,0.0,1.0
2013-05-16,0.4,0.4,0.4,0.4,0.3489,0,0.0,1.0
2013-05-17,0.4,0.4,0.4,0.4,0.3489,0,0.0,1.0
2013-05-20,0.4,0.4,0.4,0.4,0.3489,0,0.0,1.0
2013-05-21,0.4,0.4,0.4,0.4,0.3489,0,0.0,1.0
2013-05-22,0.4,0.4,0.4,0.4,0.3489,0,0.0,1.0
2013-05-23,0.4,0.4,0.4,0.4,0.3489,0,0.0,1.0
2013-05-24,0.4,0.4,0.4,0.4,0.3489,0,0.0,1.0
2013-05-28,0.4,0.4,0.4,0.4,0.3489,0,0.0,1.0
2013-05-29,0.4,0.4,0.4,0.4,0.3489,0,0.0,1.0
2013-05-30,0.4,0.4,0.4,0.4,0.3489,0,0.0,1.0
2013-05-31,0.4,0.4,0.4,0.4,0.3489,0,0.0,1.0
2013-06-03,0.4,0.4,0.4,0.4,0.3489,0,0.0,1.0
2013-06-04,0.4,0.4,0.4,0.4,0.3489,0,0.0,1.0
2013-06-05,0.4,0.4,0.4,0.4,0.3489,0,0.0,1.0
2013-06-06,0.4,0.4,0.4,0.4,0.3489,0,0.0,1.0
2013-06-07,0.4,0.4,0.4,0.4,0.3489,0,0.0,1.0
2013-06-10,0.4,0.4,0.4,0.4,0.3489,0,0.0,1.0
2013-06-11,0.4,0.4,0.4,0.4,0.3489,0,0.0,1.0
2013-06-12,0.4,0.4,0.4,0.4,0.3489,0,0.0,1.0
2013-06-13,0.4,0.4,0.4,0.4,0.3489,0,0.0,1.0
2013-06-14,0.4,0.4,0.4,0.4,0.3489,0,0.0,1.0
2013-06-17,0.4,0.4,0.4,0.4,0.3489,0,0.0,1.0
2013-06-18,0.4,0.4,0.4,0.4,0.3489,0,0.0,1.0
2013-06-19,0.4,0.4,0.4,0.4,0.3489,0,0.0,1.0
2013-06-20,0.4,0.4,0.4,0.4,0.3489,0,0.0,1.0
2013-06-21,0.4,0.4,0.4,0.4,0.3489,0,0.0,1.0
2013-06-24,0.4,0.4,0.4,0.4,0.3489,0,0.0,1.0
2013-06-25,0.4,0.4,0.4,0.4,0.3489,0,0.0,1.0
2013-06-26,0.4,0.4,0.4,0.4,0.3489,0,0.0,1.0
2013-06-27,0.4,0.4,0.4,0.4,0.3489,0,0.0,1.0
2013-06-28,0.4,0.4,0.4,0.4,0.3489,0,0.0,1.0
2013-07-01,0.4,0.4,0.4,0.4,0.3489,0,0.0,1.0
2013-07-02,0.4,0.4,0.4,0.4,0.3489,0,0.0,1.0
2013-07-03,0.4,0.4,0.4,0.4,0.3489,0,0.0,1.0
2013-07-05,0.4,0.4,0.4,0.4,0.3489,0,0.0,1.0
2013-07-08,0.4,0.4,0.4,0.4,0.3489,0,0.0,1.0
2013-07-09,0.4,0.4,0.4,0.4,0.3489,0,0.0,1.0
2013-07-10,0.4,0.4,0.4,0.4,0.3489,0,0.0,1.0
2013-07-11,0.4,0.4,0.4,0.4,0.3489,0,0.0,1.0
2013-07-12,0.4,0.4,0.4,0.4,0.3489,0,0.0,1.0
2013-07-15,0.4,0.4,0.4,0.4,0.3489,0,0.0,1.0
2013-07-16,0.4,0.4,0.4,0.4,0.3489,0,0.0,1.0
2013-07-17,0.4,0.4,0.4,0.4,0.3489,0,0.0,1.0
2013-07-18,0.4,0.4,0.4,0.4,0.3489,0,0.0,1.0
2013-07-19,0.4,0.4,0.4,0.4,0.3489,0,0.0,1.0
2013-07-22,0.4,0.4,0.4,0.4,0.3489,0,0.0,1.0
2013-07-23,0.4,0.4,0.4,0.4,0.3489,0,0.0,1.0
2013-07-24,0.4,0.4,0.4,0.4,0.3489,0,0.0,1.0
2013-07-25,0.4,0.4,0.4,0.4,0.3489,0,0.0,1.0
2013-07-26,0.4,0.4,0.4,0.4,0.3489,0,0.0,1.0
2013-07-29,0.4,0.4,0.4,0.4,0.3489,0,0.0,1.0
2013-07-30,0.4,0.4,0.4,0.4,0.3489,0,0.0,1.0
2013-07-31,0.4,0.4,0.4,0.4,0.3489,0,0.0,1.0
2013-08-01,0.4,0.4,0.4,0.4,0.3489,0,0.0,1.0
2013-08-02,0.4,0.4,0.4,0.4,0.3489,0,0.0,1.0
2013-08-05,0.4,0.4,0.4,0.4,0.3489,0,0.0,1.0
2013-08-06,0.4,0.4,0.4,0.4,0.3489,0,0.0,1.0
2013-08-07,0.4,0.4,0.4,0.4,0.3489,0,0.0,1.0
2013-08-08,0.4,0.4,0.4,0.4,0.3489,0,0.0,1.0
2013-08-09,0.4,0.4,0.4,0.4,0.3489,0,0.0,1.0
2013-08-12,0.4,0.4,0.4,0.4,0.3489,0,0.0,1.0
2013-08-13,0.4,0.4,0.4,0.4,0.3489,0,0.0,1.0
2013-08-14,0.4,0.4,0.4,0.4,0.3489,0,0.0,1.0
2013-08-15,0.4,0.4,0.4,0.4,0.3489,0,0.0,1.0
2013-08-16,0.4,0.4,0.4,0.4,0.3489,0,0.0,1.0
2013-08-19,0.4,0.4,0.4,0.4,0.3489,0,0.0,1.0
2013-08-20,0.4,0.4,0.4,0.4,0.3489,0,0.0,1.0
2013-08-21,0.4,0.4,0.4,0.4,0.3489,0,0.0,1.0
2013-08-22,0.4,0.4,0.4,0.4,0.3489,0,0.0,1.0
2013-08-23,0.4,0.4,0.4,0.4,0.3489,0,0.0,1.0
2013-08-26,0.4,0.4,0.4,0.4,0.3489,0,0.0,1.0
2013-08-27,0.4,0.4,0.4,0.4,0.3489,0,0.0,1.0
2013-08-28,0.4,0.4,0.4,0.4,0.3489,0,0.0,1.0
2013-08-29,0.4,0.4,0.4,0.4,0.3489,0,0.0,1.0
2013-08-30,0.4,0.4,0.4,0.4,0.3489,0,0.0,1.0
2013-09-03,0.4,0.4,0.4,0.4,0.3489,0,0.0,1.0
2013-09-04,0.4,0.4,0.4,0.4,0.3489,0,0.0,1.0
2013-09-05,0.4,0.4,0.4,0.4,0.3489,0,0.0,1.0
2013-09-06,0.4,0.4,0.4,0.4,0.3489,0,0.0,1.0
2013-09-09,0.4,0.4,0.4,0.4,0.3489,0,0.0,1.0
2013-09-10,0.4,0.4,0.4,0.4,0.3489,0,0.0,1.0
2013-09-11,0.4,0.4,0.4,0.4,0.3489,0,0.0,1.0
2013-09-12,0.4,0.4,0.4,0.4,0.3489,0,0.0,1.0
2013-09-13,0.4,0.4,0.4,0.4,0.3489,0,0.0,1.0
2013-09-16,0.4,0.4,0.4,0.4,0.3489,0,0.0,1.0
2013-09-17,0.4,0.4,0.4,0.4,0.3489,0,0.0,1.0
2013-09-18,0.4,0.4,0.4,0.4,0.3489,0,0.0,1.0
2013-09-19,0.4,0.4,0.4,0.4,0.3489,0,0.0,1.0
2013-09-20,0.4,0.4,0.4,0.4,0.3489,0,0.0,1.0
2013-09-23,0.4,0.4,0.4,0.4,0.3489,0,0.0,1.0
2013-09-24,0.4,0.4,0.4,0.4,0.3489,0,0.0,1.0
2013-09-25,0.4,0.4,0.4,0.4,0.3489,0,0.0,1.0
2013-09-26,0.4,0.4,0.4,0.4,0.3489,0,0.0,1.0
2013-09-27,0.4,0.4,0.4,0.4,0.3489,0,0.0,1.0
2013-09-30,0.4,0.4,0.4,0.4,0.3489,0,0.0,1.0
2013-10-01,0.4,0.4,0.4,0.4,0.3489,0,0.0,1.0
2013-10-02,0.4,0.4,0.4,0.4,0.3489,0,0.0,1.0
2013-10-03,0.4,0.4,0.4,0.4,0.3489,0,0.0,1.0
2013-10-04,0.4,0.4,0.4,0.4,0.3489,0,0.0,1.0
2013-10-07,0.4,0.4,0.4,0.4,0.3489,0,0.0,1.0
2013-10-08,0.4,0.4,0.4,0.4,0.3489,0,0.0,1.0
2013-10-09,0.4,0.4,0.4,0.4,0.3489,0,0.0,1.0
2013-10-10,0.4,0.4,0.4,0.4,0.3489,0,0.0,1.0
2013-10-11,0.4,0.4,0.4,0.4,0.3489,0,0.0,1.0
2013-10-14,0.4,0.4,0.4,0.4,0.3489,0,0.0,1.0
2013-10-15,0.4,0.4,0.4,0.4,0.3489,0,0.0,1.0
2013-10-16,0.4,0.4,0.4,0.4,0.3489,0,0.0,1.0
2013-10-17,0.4,0.4,0.4,0.4,0.3489,0,0.0,1.0
2013-10-18,0.4,0.4,0.4,0.4,0.3489,0,0.0,1.0
2013-10-21,0.4,0.4,0.4,0.4,0.3489,0,0.0,1.0
2013-10-22,0.4,0.4,0.4,0.4,0.3489,0,0.0,1.0
2013-10-23,0.4,0.4,0.4,0.4,0.3489,0,0.0,1.0
2013-10-24,0.4,0.4,0.4,0.4,0.3489,0,0.0,1.0
2013-10-25,0.4,0.4,0.4,0.4,0.3489,0,0.0,1.0
2013-10-28,0.4,0.4,0.4,0.4,0.3489,0,0.0,1.0
2013-10-29,0.4,0.4,0.4,0.4,0.3489,0,0.0,1.0
2013-10-30,0.4,0.4,0.4,0.4,0.3489,0,0.0,1.0
2013-10-31,0.4,0.4,0.4,0.4,0.3489,0,0.0,1.0
2013-11-01,0.4,0.4,0.4,0.4,0.3489,0,0.0,1.0
2013-11-04,0.4,0.4,0.4,0.4,0.3489,0,0.0,1.0
2013-11-05,0.4,0.4,0.4,0.4,0.3489,0,0.0,1.0
2013-11-06,0.4,0.4,0.4,0.4,0.3489,0,0.0,1.0
2013-11-07,0.4,0.4,0.4,0.4,0.3489,0,0.0,1.0
2013-11-08,0.4,0.4,0.4,0.4,0.3489,0,0.0,1.0
2013-11-11,0.4,0.4,0.4,0.4,0.3489,0,0.0,1.0
2013-11-12,0.4,0.4,0.4,0.4,0.3489,0,0.0,1.0
2013-11-13,0.4,0.4,0.4,0.4,0.3489,0,0.0,1.0
2013-11-14,0.4,0.4,0.4,0.4,0.3489,0,0.0,1.0
2013-11-15,0.4,0.4,0.4,0.4,0.3489,0,0.0,1.0
2013-11-18,0.4,0.4,0.4,0.4,0.3489,0,0.0,1.0
2013-11-19,0.4,0.4,0.4,0.4,0.3489,0,0.0,1.0
2013-11-20,0.4,0.4,0.4,0.4,0.3489,0,0.0,1.0
2013-11-21,0.4,0.4,0.4,0.4,0.3489,0,0.0,1.0
2013-11-22,0.4,0.4,0.4,0.4,0.3489,0,0.0,1.0
2013-11-25,0.4,0.4,0.4,0.4,0.3489,0,0.0,1.0
2013-11-26,0.4,0.4,0.4,0.4,0.3489,0,0.0,1.0
2013-11-27,0.4,0.4,0.4,0.4,0.3489,0,0.0,1.0
2013-11-29,0.4,0.4,0.4,0.4,0.3489,0,0.0,1.0
2013-12-02,0.4,0.4,0.4,0.4,0.3489,0,0.0,1.0
2013-12-03,0.4,0.4,0.4,0.4,0.3489,0,0.0,1.0
2013-12-04,0.4,0.4,0.4,0.4,0.3489,0,0.0,1.0
2013-12-05,0.4,0.4,0.4,0.4,0.3489,0,0.0,1.0
2013-12-06,0.4,0.4,0.4,0.4,0.3489,0,0.0,1.0
2013-12-09,0.4,0.4,0.4,0.4,0.3489,0,0.0,1.0
2013-12-10,0.4,0.4,0.4,0.4,0.3489,0,0.0,1.0
2013-12-11,0.4,0.4,0.4,0.4,0.3489,0,0.0,1.0
2013-12-12,0.4,0.4,0.4,0.4,0.3489,0,0.0,1.0
2013-12-13,0.4,0.4,0.4,0.4,0.3489,0,0.0,1.0
2013-12-16,0.4,0.4,0.4,0.4,0.3489,0,0.0,1.0
2013-12-17,0.4,0.4,0.4,0.4,0.3489,0,0.0,1.0
2013-12-18,0.4,0.4,0.4,0.4,0.3489,0,0.0,1.0
2013-12-19,0.4,0.4,0.4,0.4,0.3489,0,0.0,1.0
2013-12-20,0.4,0.4,0.4,0.4,0.3489,0,0.0,1.0
2013-12-23,0.4,0.4,0.4,0.4,0.3489,0,0.0,1.0
2013-12-24,0.4,0.4,0.4,0.4,0.3489,0,0.0,1.0
2013-12-26,0.4,0.4,0.4,0.4,0.3489,0,0.0,1.0
2013-12-27,0.4,0.4,0.4,0.4,0.3489,0,0.0,1.0
2013-12-30,0.4,0.4,0.4,0.4,0.3489,0,0.0,1.0
2013-12-31,0.4,0.4,0.4,0.4,0.3489,0,0.0,1.0
2014-01-02,0.4,0.4,0.4,0.4,0.3489,0,0.0,1.0
2014-01-03,0.4,0.4,0.4,0.4,0.3489,0,0.0,1.0
2014-01-06,0.4,0.4,0.4,0.4,0.3489,0,0.0,1.0
2014-01-07,0.4,0.4,0.4,0.4,0.3489,0,0.0,1.0
2014-01-08,0.4,0.4,0.4,0.4,0.3489,0,0.0,1.0
2014-01-09,0.4,0.4,0.4,0.4,0.3489,0,0.0,1.0
2014-01-10,0.4,0.4,0.4,0.4,0.3489,0,0.0,1.0
2014-01-13,0.4,0.4,0.4,0.4,0.3489,0,0.0,1.0
2014-01-14,0.4,0.4,0.4,0.4,0.3489,0,0.0,1.0
2014-01-15,0.4,0.4,0.4,0.4,0.3489,0,0.0,1.0
2014-01-16,0.4,0.4,0.4,0.4,0.3489,0,0.0,1.0
2014-01-17,0.4,0.4,0.4,0.4,0.3489,0,0.0,1.0
2014-01-21,0.4,0.4,0.4,0.4,0.3489,0,0.0,1.0
2014-01-22,0.4,0.4,0.4,0.4,0.3489,0,0.0,1.0
2014-01-23,0.4,0.4,0.4,0.4,0.3489,0,0.0,1.0
2014-01-24,0.4,0.4,0.4,0.4,0.3489,0,0.0,1.0
2014-01-27,0.4,0.4,0.4,0.4,0.3489,0,0.0,1.0
2014-01-28,0.4,0.4,0.4,0.4,0.3489,0,0.0,1.0
2014-01-29,0.4,0.4,0.4,0.4,0.3489,0,0.0,1.0
2014-01-30,0.4,0.4,0.4,0.4,0.3489,0,0.0,1.0
2014-01-31,0.4,0.4,0.4,0.4,0.3489,0,0.0,1.0
2014-02-03,0.4,0.4,0.4,0.4,0.3489,0,0.0,1.0
2014-02-04,0.4,0.4,0.4,0.4,0.3489,0,0.0,1.0
2014-02-05,0.4,0.4,0.4,0.4,0.3489,0,0.0,1.0
2014-02-06,0.4,0.4,0.4,0.4,0.3489,0,0.0,1.0
2014-02-07,0.4,0.4,0.4,0.4,0.3489,0,0.0,1.0
2014-02-10,0.4,0.4,0.4,0.4,0.3489,0,0.0,1.0
2014-02-11,0.4,0.4,0.4,0.4,0.3489,0,0.0,1.0
2014-02-12,0.4,0.4,0.4,0.4,0.3489,0,0.0,1.0
2014-02-13,0.4,0.4,0.4,0.4,0.3489,0,0.0,1.0
2014-02-14,0.4,0.4,0.4,0.4,0.3489,0,0.0,1.0
2014-02-18,0.4,0.4,0.4,0.4,0.3489,0,0.0,1.0
2014-02-19,0.4,0.4,0.4,0.4,0.3489,0,0.0,1.0
2014-02-20,0.4,0.4,0.4,0.4,0.3489,0,0.0,1.0
2014-02-21,0.4,0.4,0.4,0.4,0.3489,0,0.0,1.0
2014-02-24,0.4,0.4,0.4,0.4,0.3489,0,0.0,1.0
2014-02-25,0.4,0.4,0.4,0.4,0.3489,0,0.0,1.0
2014-02-26,0.4,0.4,0.4,0.4,0.3489,0,0.0,1.0
2014-02-27,0.4,0.4,0.4,0.4,0.3489,0,0.0,1.0
2014-02-28,0.4,0.4,0.4,0.4,0.3489,0,0.0,1.0
2014-03-03,0.4,0.4,0.4,0.4,0.3489,0,0.0,1.0
2014-03-04,0.4,0.4,0.4,0.4,0.3489,0,0.0,1.0
2014-03-05,0.4,0.4,0.4,0.4,0.3489,0,0.0,1.0
2014-03-06,0.4,0.4,0.4,0.4,0.3489,0,0.0,1.0
2014-03-07,0.4,0.4,0.4,0.4,0.3489,0,0.0,1.0
2014-03-10,0.4,0.4,0.4,0.4,0.3489,0,0.0,1.0
2014-03-11,0.4,0.4,0.4,0.4,0.3489,0,0.0,1.0
2014-03-12,0.4,0.4,0.4,0.4,0.3489,0,0.0,1.0
2014-03-13,0.4,0.4,0.4,0.4,0.3489,0,0.0,1.0
2014-03-14,0.4,0.4,0.4,0.4,0.3489,0,0.0,1.0
2014-03-17,0.4,0.4,0.4,0.4,0.3489,0,0.0,1.0
2014-03-18,0.4,0.4,0.4,0.4,0.3489,0,0.0,1.0
2014-03-19,0.4,0.4,0.4,0.4,0.3489,0,0.0,1.0
2014-03-20,0.4,0.4,0.4,0.4,0.3489,0,0.0,1.0
2014-03-21,0.4,0.4,0.4,0.4,0.3489,0,0.0,1.0
2014-03-24,0.4,0.4,0.4,0.4,0.3489,0,0.0,1.0
2014-03-25,0.34,0.4,0.34,0.4,0.3489,13000,0.0,1.0
2014-03-26,0.42,0.5,0.42,0.43,0.3751,54250,0.0,1.0
2014-03-27,0.4,0.4,0.365,0.37,0.3227,39000,0.0,1.0
2014-03-28,0.4,0.4,0.4,0.4,0.3489,13000,0.0,1.0
2014-03-31,0.41,0.41,0.41,0.41,0.3576,5000,0.0,1.0
2014-04-01,0.42,0.42,0.42,0.42,0.3664,3000,0.0,1.0
2014-04-02,0.42,0.42,0.42,0.42,0.3664,0,0.0,1.0
2014-04-03,0.42,0.42,0.415,0.42,0.3664,13500,0.0,1.0
2014-04-04,0.42,0.42,0.42,0.42,0.3664,6500,0.0,1.0
2014-04-07,0.42,0.42,0.42,0.42,0.3664,0,0.0,1.0
2014-04-08,0.42,0.42,0.4,0.4,0.3489,10000,0.0,1.0
2014-04-09,0.4,0.45,0.4,0.45,0.3925,98000,0.0,1.0
2014-04-10,0.42,0.42,0.42,0.42,0.3664,10000,0.0,1.0
2014-04-11,0.42,0.42,0.41,0.41,0.3576,7000,0.0,1.0
2014-04-14,0.41,0.41,0.41,0.41,0.3576,5000,0.0,1.0
2014-04-15,0.43,0.43,0.4,0.4,0.3489,8000,0.0,1.0
2014-04-16,0.4,0.4,0.4,0.4,0.3489,17000,0.0,1.0
2014-04-17,0.45,0.45,0.45,0.45,0.3925,5000,0.0,1.0
2014-04-21,0.45,0.45,0.45,0.45,0.3925,0,0.0,1.0
2014-04-22,0.45,0.45,0.45,0.45,0.3925,0,0.0,1.0
2014-04-23,0.45,0.45,0.44,0.44,0.3838,10000,0.0,1.0
2014-04-24,0.44,0.44,0.44,0.44,0.3838,0,0.0,1.0
2014-04-25,0.46,0.46,0.46,0.46,0.4012,19000,0.0,1.0
2014-04-28,0.48,0.5,0.47,0.47,0.41,14000,0.0,1.0
2014-04-29,0.48,0.5,0.48,0.5,0.4361,20000,0.0,1.0
2014-04-30,0.52,0.58,0.52,0.58,0.5059,45500,0.0,1.0
2014-05-01,0.59,0.62,0.59,0.6,0.5234,44500,0.0,1.0
2014-05-02,0.59,0.62,0.59,0.62,0.5408,40000,0.0,1.0
2014-05-05,0.65,0.66,0.62,0.63,0.5495,57000,0.0,1.0
2014-05-06,0.65,0.67,0.64,0.65,0.567,13500,0.0,1.0
2014-05-07,0.67,0.68,0.67,0.67,0.5844,21000,0.0,1.0
2014-05-08,0.66,0.7,0.66,0.69,0.6019,54500,0.0,1.0
2014-05-09,0.7,0.75,0.69,0.71,0.6193,61000,0.0,1.0
2014-05-12,0.75,0.79,0.73,0.75,0.6542,133000,0.0,1.0
2014-05-13,0.75,0.77,0.73,0.73,0.6368,44129,0.0,1.0
2014-05-14,0.77,0.78,0.73,0.73,0.6368,20850,0.0,1.0
2014-05-15,0.74,0.74,0.72,0.72,0.628,5300,0.0,1.0
2014-05-16,0.72,0.72,0.72,0.72,0.628,0,0.0,1.0
2014-05-19,0.72,0.72,0.72,0.72,0.628,0,0.0,1.0
2014-05-20,0.76,0.76,0.76,0.76,0.6629,4700,0.0,1.0
2014-05-21,0.76,0.76,0.76,0.76,0.6629,0,0.0,1.0
2014-05-22,0.75,0.76,0.75,0.75,0.6542,30190,0.0,1.0
2014-05-23,0.73,0.73,0.73,0.73,0.6368,5000,0.0,1.0
2014-05-27,0.71,0.71,0.7,0.7,0.6106,34000,0.0,1.0
2014-05-28,0.7,0.7,0.7,0.7,0.6106,3000,0.0,1.0
2015-03-02,0.53,0.53,0.53,0.53,0.4623,0,0.0,1.0
2015-03-03,0.52,0.52,0.52,0.52,0.4536,10000,0.0,1.0
2015-03-04,0.53,0.53,0.53,0.53,0.4623,1000,0.0,1.0
2015-03-05,0.52,0.52,0.52,0.52,0.4536,500,0.0,1.0
2015-03-06,0.52,0.52,0.52,0.52,0.4536,4500,0.0,1.0
2015-03-09,0.52,0.52,0.52,0.52,0.4536,0,0.0,1.0
2015-03-10,0.52,0.52,0.52,0.52,0.4536,0,0.0,1.0
2015-03-11,0.52,0.52,0.5,0.52,0.4536,6887,0.0,1.0
2015-03-12,0.5,0.5,0.5,0.5,0.4361,1000,0.0,1.0
2015-03-13,0.495,0.495,0.495,0.495,0.4318,6200,0.0,1.0
2015-03-16,0.5,0.5,0.5,0.5,0.4361,2000,0.0,1.0
2015-03-17,0.5,0.5,0.5,0.5,0.4361,0,0.0,1.0
2015-03-18,0.465,0.5,0.465,0.49,0.4274,16684,0.0,1.0
2015-03-19,0.51,0.52,0.51,0.51,0.4449,9650,0.0,1.0
2015-03-20,0.51,0.51,0.51,0.51,0.4449,0,0.0,1.0
2015-03-23,0.51,0.51,0.51,0.51,0.4449,0,0.0,1.0
2015-03-24,0.455,0.455,0.45,0.45,0.3925,3200,0.0,1.0
2015-03-25,0.5,0.5,0.5,0.5,0.4361,1300,0.0,1.0
2015-03-26,0.5,0.5,0.5,0.5,0.4361,0,0.0,1.0
2015-03-27,0.5,0.5,0.5,0.5,0.4361,0,0.0,1.0
2015-03-30,0.5,0.5,0.5,0.5,0.4361,0,0.0,1.0
2015-03-31,0.5,0.5,0.5,0.5,0.4361,0,0.0,1.0
2015-04-01,0.5,0.5,0.5,0.5,0.4361,0,0.0,1.0
2015-04-02,0.5,0.5,0.5,0.5,0.4361,0,0.0,1.0
2015-04-06,0.495,0.495,0.45,0.45,0.3925,31298,0.0,1.0
2015-04-07,0.45,0.45,0.45,0.45,0.3925,0,0.0,1.0
2015-04-08,0.465,0.465,0.44,0.44,0.3838,3750,0.0,1.0
2015-04-09,0.44,0.44,0.44,0.44,0.3838,0,0.0,1.0
2015-04-10,0.44,0.44,0.44,0.44,0.3838,0,0.0,1.0
2015-04-13,0.5,0.5,0.5,0.5,0.4361,1000,0.0,1.0
2015-04-14,0.5,0.5,0.5,0.5,0.4361,8000,0.0,1.0
2015-04-15,0.46,0.49,0.44,0.46,0.4012,4900,0.0,1.0
2015-04-16,0.455,0.455,0.455,0.455,0.3969,1000,0.0,1.0
2015-04-17,0.455,0.455,0.455,0.455,0.3969,0,0.0,1.0
2015-04-20,0.46,0.46,0.46,0.46,0.4012,3300,0.0,1.0
2015-04-21,0.46,0.46,0.46,0.46,0.4012,2000,0.0,1.0
2015-04-22,0.46,0.46,0.46,0.46,0.4012,0,0.0,1.0
2015-04-23,0.46,0.46,0.46,0.46,0.4012,2500,0.0,1.0
2015-04-24,0.46,0.46,0.46,0.46,0.4012,0,0.0,1.0
2015-04-27,0.45,0.475,0.445,0.445,0.3882,25250,0.0,1.0
2015-04-28,0.45,0.45,0.44,0.44,0.3838,4000,0.0,1.0
2015-04-29,0.46,0.46,0.46,0.46,0.4012,5600,0.0,1.0
2015-04-30,0.46,0.46,0.46,0.46,0.4012,15400,0.0,1.0
2015-05-01,0.46,0.475,0.45,0.475,0.4143,6400,0.0,1.0
2015-05-04,0.48,0.48,0.44,0.44,0.3838,17095,0.0,1.0
2015-05-05,0.45,0.45,0.45,0.45,0.3925,3000,0.0,1.0
2015-05-06,0.475,0.475,0.475,0.475,0.4143,5000,0.0,1.0
2015-05-07,0.48,0.48,0.45,0.45,0.3925,22500,0.0,1.0
2015-05-08,0.45,0.45,0.45,0.45,0.3925,6600,0.0,1.0
2015-05-11,0.47,0.47,0.44,0.44,0.3838,10500,0.0,1.0
2015-05-12,0.45,0.45,0.45,0.45,0.3925,3500,0.0,1.0
2015-05-13,0.445,0.45,0.445,0.45,0.3925,5500,0.0,1.0
2015-05-14,0.45,0.45,0.45,0.45,0.3925,0,0.0,1.0
2015-05-15,0.44,0.44,0.44,0.44,0.3838,1000,0.0,1.0
2015-05-18,0.44,0.44,0.44,0.44,0.3838,0,0.0,1.0
2015-05-19,0.45,0.45,0.44,0.44,0.3838,6550,0.0,1.0
2015-05-20,0.445,0.445,0.41,0.435,0.3794,17300,0.0,1.0
2015-05-21,0.44,0.44,0.44,0.44,0.3838,10000,0.0,1.0
2015-05-22,0.44,0.44,0.44,0.44,0.3838,0,0.0,1.0
2015-05-26,0.445,0.445,0.425,0.425,0.3707,10000,0.0,1.0
2015-05-27,0.43,0.43,0.43,0.43,0.3751,2055,0.0,1.0
2015-05-28,0.43,0.43,0.42,0.42,0.3664,7000,0.0,1.0
2015-05-29,0.42,0.42,0.4,0.42,0.3664,11000,0.0,1.0
2015-06-01,0.41,0.44,0.41,0.44,0.3838,4000,0.0,1.0
2015-06-02,0.435,0.44,0.4,0.42,0.3664,96000,0.0,1.0
2015-06-03,0.44,0.44,0.395,0.44,0.3838,107000,0.0,1.0
2015-06-04,0.44,0.44,0.4,0.405,0.3533,25000,0.0,1.0
2015-06-05,0.43,0.43,0.42,0.42,0.3664,29000,0.0,1.0
2015-06-08,0.42,0.42,0.42,0.42,0.3664,12000,0.0,1.0
2015-06-09,0.42,0.42,0.42,0.42,0.3664,0,0.0,1.0
2015-06-10,0.42,0.42,0.42,0.42,0.3664,0,0.0,1.0
2015-06-11,0.42,0.42,0.42,0.42,0.3664,0,0.0,1.0
2015-06-12,0.43,0.43,0.43,0.43,0.3751,1000,0.0,1.0
2015-06-15,0.43,0.43,0.43,0.43,0.3751,0,0.0,1.0
2015-06-16,0.43,0.43,0.43,0.43,0.3751,0,0.0,1.0
2015-06-17,0.43,0.43,0.43,0.43,0.3751,6000,0.0,1.0
2015-06-18,0.43,0.43,0.43,0.43,0.3751,0,0.0,1.0
2015-06-19,0.42,0.42,0.42,0.42,0.3664,2500,0.0,1.0
2015-06-22,0.42,0.44,0.42,0.44,0.3838,30000,0.0,1.0
2015-06-23,0.42,0.42,0.42,0.42,0.3664,7500,0.0,1.0
2015-06-24,0.44,0.44,0.42,0.44,0.3838,45155,0.0,1.0
2015-06-25,0.44,0.44,0.44,0.44,0.3838,0,0.0,1.0
2015-06-26,0.44,0.44,0.44,0.44,0.3838,10000,0.0,1.0
2015-06-29,0.44,0.44,0.44,0.44,0.3838,0,0.0,1.0
2015-06-30,0.43,0.43,0.43,0.43,0.3751,4500,0.0,1.0
2015-07-01,0.43,0.43,0.43,0.43,0.3751,0,0.0,1.0
2015-07-02,0.42,0.42,0.42,0.42,0.3664,10000,0.0,1.0
2015-07-06,0.41,0.41,0.41,0.41,0.3576,23082,0.0,1.0
2015-07-07,0.405,0.405,0.405,0.405,0.3533,1600,0.0,1.0
2015-07-08,0.41,0.41,0.41,0.41,0.3576,4000,0.0,1.0
2015-07-09,0.4,0.41,0.4,0.4,0.3489,7400,0.0,1.0
2015-07-10,0.39,0.42,0.39,0.42,0.3664,13925,0.0,1.0
2015-07-13,0.44,0.44,0.44,0.44,0.3838,8500,0.0,1.0
2015-07-14,0.44,0.44,0.44,0.44,0.3838,0,0.0,1.0
2015-07-15,0.44,0.44,0.44,0.44,0.3838,0,0.0,1.0
2015-07-16,0.415,0.415,0.415,0.415,0.362,7500,0.0,1.0
2015-07-17,0.445,0.445,0.44,0.445,0.3882,6500,0.0,1.0
2015-07-20,0.41,0.41,0.41,0.41,0.3576,29000,0.0,1.0
2015-07-21,0.435,0.44,0.42,0.42,0.3664,35500,0.0,1.0
2015-07-22,0.42,0.42,0.42,0.42,0.3664,0,0.0,1.0
2015-07-23,0.41,0.41,0.41,0.41,0.3576,40500,0.0,1.0
2015-07-24,0.41,0.41,0.405,0.405,0.3533,25000,0.0,1.0
2015-07-27,0.405,0.405,0.405,0.405,0.3533,0,0.0,1.0
2015-07-28,0.4,0.4,0.4,0.4,0.3489,10000,0.0,1.0
2015-07-29,0.4,0.4,0.4,0.4,0.3489,0,0.0,1.0
2015-07-30,0.405,0.41,0.405,0.41,0.3576,10500,0.0,1.0
2015-07-31,0.41,0.42,0.41,0.42,0.3664,35500,0.0,1.0
2015-08-03,0.42,0.42,0.42,0.42,0.3664,0,0.0,1.0
2015-08-04,0.405,0.405,0.405,0.405,0.3533,1500,0.0,1.0
2015-08-05,0.405,0.405,0.405,0.405,0.3533,0,0.0,1.0
2015-08-06,0.415,0.415,0.415,0.415,0.362,655,0.0,1.0
2015-08-07,0.415,0.415,0.415,0.415,0.362,0,0.0,1.0
2015-08-10,0.405,0.405,0.4,0.4,0.3489,13800,0.0,1.0
2015-08-11,0.4,0.4,0.4,0.4,0.3489,1100,0.0,1.0
2015-08-12,0.405,0.405,0.405,0.405,0.3533,2500,0.0,1.0
2015-08-13,0.4,0.4,0.4,0.4,0.3489,4000,0.0,1.0
2015-08-14,0.4,0.405,0.4,0.405,0.3533,2000,0.0,1.0
2016-01-13,0.42,0.42,0.42,0.42,0.3664,10000,0.0,1.0
2016-08-22,0.46,0.46,0.46,0.46,0.4012,8200,0.0,1.0
2016-08-23,0.46,0.46,0.46,0.46,0.4012,0,0.0,1.0
2016-08-24,0.46,0.46,0.45,0.45,0.3925,28900,0.0,1.0
2016-08-25,0.45,0.48,0.45,0.48,0.4187,29500,0.0,1.0
2016-08-26,0.48,0.48,0.48,0.48,0.4187,0,0.0,1.0
2016-08-29,0.46,0.46,0.46,0.46,0.4012,1000,0.0,1.0
2016-08-30,0.45,0.45,0.45,0.45,0.3925,24450,0.0,1.0
2016-08-31,0.475,0.475,0.475,0.475,0.4143,800,0.0,1.0
2016-09-01,0.475,0.475,0.475,0.475,0.4143,0,0.0,1.0
2016-09-02,0.475,0.475,0.475,0.475,0.4143,0,0.0,1.0
2016-09-06,0.45,0.475,0.43,0.45,0.3925,14300,0.0,1.0
2016-09-07,0.48,0.48,0.475,0.475,0.4143,2500,0.0,1.0
2016-09-08,0.46,0.475,0.45,0.475,0.4143,16001,0.0,1.0
2016-09-09,0.48,0.48,0.48,0.48,0.4187,5000,0.0,1.0
2016-09-12,0.45,0.47,0.45,0.47,0.41,3000,0.0,1.0
2016-09-13,0.47,0.47,0.47,0.47,0.41,0,0.0,1.0
2016-09-14,0.47,0.47,0.47,0.47,0.41,0,0.0,1.0
2016-09-15,0.48,0.48,0.48,0.48,0.4187,5000,0.0,1.0
2016-09-16,0.48,0.48,0.48,0.48,0.4187,0,0.0,1.0
2016-09-19,0.48,0.48,0.48,0.48,0.4187,0,0.0,1.0
2016-09-20,0.49,0.5,0.44,0.44,0.3838,9000,0.0,1.0
2016-09-21,0.48,0.48,0.48,0.48,0.4187,500,0.0,1.0
2016-09-22,0.45,0.45,0.43,0.44,0.3838,12000,0.0,1.0
2016-09-23,0.475,0.475,0.45,0.45,0.3925,2500,0.0,1.0
2016-09-26,0.48,0.48,0.48,0.48,0.4187,2500,0.0,1.0
2016-09-27,0.48,0.48,0.48,0.48,0.4187,0,0.0,1.0
2016-09-28,0.45,0.45,0.44,0.44,0.3838,11307,0.0,1.0
2016-09-29,0.46,0.47,0.45,0.46,0.4012,20000,0.0,1.0
2016-09-30,0.46,0.46,0.46,0.46,0.4012,0,0.0,1.0
2016-10-03,0.45,0.45,0.45,0.45,0.3925,3550,0.0,1.0
2016-10-04,0.44,0.455,0.44,0.44,0.3838,8500,0.0,1.0
2016-10-05,0.455,0.455,0.455,0.455,0.3969,1800,0.0,1.0
2016-10-06,0.44,0.44,0.44,0.44,0.3838,500,0.0,1.0
2016-10-07,0.45,0.45,0.44,0.44,0.3838,8745,0.0,1.0
2016-10-10,0.44,0.44,0.44,0.44,0.3838,0,0.0,1.0
2016-10-11,0.46,0.48,0.405,0.405,0.3533,55968,0.0,1.0
2016-10-12,0.425,0.45,0.425,0.45,0.3925,10000,0.0,1.0
2016-10-13,0.43,0.46,0.42,0.46,0.4012,5500,0.0,1.0
2016-10-14,0.44,0.44,0.4,0.4,0.3489,49500,0.0,1.0
2016-10-17,0.41,0.43,0.4,0.43,0.3751,72666,0.0,1.0
2016-10-18,0.43,0.43,0.43,0.43,0.3751,0,0.0,1.0
2016-10-19,0.43,0.43,0.43,0.43,0.3751,3000,0.0,1.0
2016-10-20,0.43,0.43,0.43,0.43,0.3751,0,0.0,1.0
2016-10-21,0.43,0.45,0.425,0.45,0.3925,9500,0.0,1.0
2016-10-24,0.42,0.45,0.42,0.45,0.3925,8000,0.0,1.0
2016-10-25,0.46,0.46,0.46,0.46,0.4012,4567,0.0,1.0
2016-10-26,0.46,0.46,0.46,0.46,0.4012,0,0.0,1.0
2016-10-27,0.46,0.46,0.46,0.46,0.4012,10000,0.0,1.0
2016-10-28,0.46,0.46,0.46,0.46,0.4012,0,0.0,1.0
2016-10-31,0.44,0.44,0.44,0.44,0.3838,1000,0.0,1.0
2016-11-01,0.43,0.43,0.43,0.43,0.3751,5000,0.0,1.0
2016-11-02,0.43,0.445,0.43,0.445,0.3882,10000,0.0,1.0
2016-11-03,0.445,0.445,0.445,0.445,0.3882,0,0.0,1.0
2016-11-04,0.45,0.45,0.45,0.45,0.3925,2500,0.0,1.0
2016-11-07,0.44,0.44,0.44,0.44,0.3838,7000,0.0,1.0
2016-11-08,0.44,0.44,0.44,0.44,0.3838,0,0.0,1.0
2016-11-09,0.48,0.485,0.48,0.485,0.4231,4926,0.0,1.0
2016-11-10,0.485,0.485,0.485,0.485,0.4231,10000,0.0,1.0
2016-11-11,0.46,0.46,0.45,0.45,0.3925,20000,0.0,1.0
2016-11-14,0.45,0.45,0.45,0.45,0.3925,0,0.0,1.0
2016-11-15,0.455,0.455,0.45,0.45,0.3925,2500,0.0,1.0
2016-11-16,0.46,0.47,0.46,0.47,0.41,12000,0.0,1.0
2016-11-17,0.455,0.47,0.455,0.47,0.41,1000,0.0,1.0
2016-11-18,0.47,0.47,0.47,0.47,0.41,0,0.0,1.0
2016-11-21,0.485,0.485,0.44,0.44,0.3838,42600,0.0,1.0
2016-11-22,0.44,0.44,0.44,0.44,0.3838,0,0.0,1.0
2016-11-23,0.47,0.47,0.44,0.44,0.3838,12300,0.0,1.0
2016-11-25,0.44,0.44,0.44,0.44,0.3838,0,0.0,1.0
2016-11-28,0.46,0.46,0.46,0.46,0.4012,4000,0.0,1.0
2016-11-29,0.44,0.44,0.44,0.44,0.3838,500,0.0,1.0
2016-11-30,0.44,0.44,0.44,0.44,0.3838,0,0.0,1.0
2016-12-01,0.45,0.47,0.43,0.44,0.3838,16500,0.0,1.0
2016-12-02,0.47,0.48,0.47,0.48,0.4187,10000,0.0,1.0
2016-12-05,0.48,0.48,0.48,0.48,0.4187,1000,0.0,1.0
2016-12-06,0.49,0.49,0.45,0.455,0.3969,120700,0.0,1.0
2016-12-07,0.465,0.465,0.465,0.465,0.4056,1500,0.0,1.0
2016-12-08,0.46,0.465,0.455,0.455,0.3969,13500,0.0,1.0
2016-12-09,0.44,0.44,0.44,0.44,0.3838,4500,0.0,1.0
2016-12-12,0.47,0.47,0.45,0.45,0.3925,5700,0.0,1.0
2016-12-13,0.45,0.45,0.44,0.44,0.3838,11500,0.0,1.0
2016-12-14,0.43,0.43,0.43,0.43,0.3751,4000,0.0,1.0
2016-12-15,0.42,0.44,0.415,0.415,0.362,6924,0.0,1.0
2016-12-16,0.42,0.44,0.42,0.44,0.3838,15500,0.0,1.0
2016-12-19,0.43,0.43,0.43,0.43,0.3751,1000,0.0,1.0
2016-12-20,0.43,0.44,0.43,0.44,0.3838,18500,0.0,1.0
2016-12-21,0.44,0.44,0.44,0.44,0.3838,0,0.0,1.0
2016-12-22,0.43,0.475,0.43,0.43,0.3751,50000,0.0,1.0
2016-12-23,0.43,0.43,0.43,0.43,0.3751,0,0.0,1.0
2016-12-27,0.43,0.43,0.43,0.43,0.3751,0,0.0,1.0
2016-12-28,0.45,0.45,0.43,0.43,0.3751,10800,0.0,1.0
2016-12-29,0.43,0.43,0.43,0.43,0.3751,0,0.0,1.0
2016-12-30,0.425,0.43,0.425,0.425,0.3707,7000,0.0,1.0
2017-01-03,0.45,0.45,0.435,0.435,0.3794,7000,0.0,1.0
2017-01-04,0.435,0.435,0.435,0.435,0.3794,0,0.0,1.0
2017-01-05,0.43,0.43,0.43,0.43,0.3751,10000,0.0,1.0
2017-01-06,0.43,0.46,0.43,0.46,0.4012,8500,0.0,1.0
2017-01-09,0.475,0.49,0.47,0.47,0.41,117500,0.0,1.0
2017-01-10,0.475,0.475,0.475,0.475,0.4143,5500,0.0,1.0
2017-01-11,0.475,0.475,0.475,0.475,0.4143,4000,0.0,1.0
2017-01-12,0.455,0.465,0.445,0.465,0.4056,17564,0.0,1.0
2017-01-13,0.445,0.475,0.445,0.475,0.4143,12500,0.0,1.0
2017-01-17,0.46,0.46,0.46,0.46,0.4012,8002,0.0,1.0
2017-01-18,0.46,0.48,0.46,0.475,0.4143,13000,0.0,1.0
2017-01-19,0.475,0.475,0.475,0.475,0.4143,0,0.0,1.0
2017-01-20,0.48,0.48,0.46,0.46,0.4012,10000,0.0,1.0
2017-01-23,0.47,0.47,0.47,0.47,0.41,5000,0.0,1.0
2017-01-24,0.47,0.485,0.47,0.485,0.4231,29500,0.0,1.0
2017-01-25,0.485,0.5,0.47,0.5,0.4361,62813,0.0,1.0
2017-01-26,0.49,0.53,0.48,0.5,0.4361,79500,0.0,1.0
2017-01-27,0.5,0.58,0.5,0.57,0.4972,85103,0.0,1.0
2017-01-30,0.64,0.7,0.64,0.65,0.567,289100,0.0,1.0
2017-01-31,0.66,0.67,0.64,0.64,0.5583,11700,0.0,1.0
2017-02-01,0.67,0.67,0.64,0.67,0.5844,42200,0.0,1.0
2017-02-02,0.67,0.67,0.64,0.64,0.5583,15500,0.0,1.0
2017-02-03,0.64,0.64,0.64,0.64,0.5583,6500,0.0,1.0
2017-02-06,0.68,0.7,0.67,0.69,0.6019,73500,0.0,1.0
2017-02-07,0.69,0.7,0.68,0.7,0.6106,21300,0.0,1.0
2017-02-08,0.7,0.7,0.68,0.69,0.6019,14178,0.0,1.0
2017-02-09,0.68,0.7,0.68,0.7,0.6106,16750,0.0,1.0
2017-02-10,0.7,0.71,0.7,0.71,0.6193,16000,0.0,1.0
2017-02-13,0.67,0.67,0.67,0.67,0.5844,14350,0.0,1.0
2017-02-14,0.7,0.7,0.7,0.7,0.6106,8000,0.0,1.0
2017-02-15,0.67,0.71,0.66,0.71,0.6193,22000,0.0,1.0
2017-02-16,0.71,0.71,0.71,0.71,0.6193,0,0.0,1.0
2017-02-17,0.71,0.71,0.71,0.71,0.6193,0,0.0,1.0
2017-02-21,0.71,0.71,0.71,0.71,0.6193,3500,0.0,1.0
2017-02-22,0.71,0.74,0.7,0.72,0.628,44500,0.0,1.0
2017-02-23,0.72,0.72,0.69,0.69,0.6019,11734,0.0,1.0
2017-02-24,0.7,0.72,0.7,0.72,0.628,13613,0.0,1.0
2017-02-27,0.72,0.73,0.72,0.73,0.6368,5700,0.0,1.0
2017-02-28,0.68,0.73,0.68,0.69,0.6019,24990,0.0,1.0
2017-03-01,0.68,0.69,0.66,0.69,0.6019,23500,0.0,1.0
2017-03-02,0.7,0.7,0.67,0.67,0.5844,12100,0.0,1.0
2017-03-03,0.7,0.7,0.67,0.67,0.5844,7500,0.0,1.0
2017-03-06,0.67,0.67,0.67,0.67,0.5844,0,0.0,1.0
2017-03-07,0.67,0.67,0.67,0.67,0.5844,0,0.0,1.0
2017-03-08,0.67,0.68,0.67,0.67,0.5844,29500,0.0,1.0
2017-03-09,0.67,0.67,0.67,0.67,0.5844,0,0.0,1.0
2017-03-10,0.68,0.68,0.64,0.64,0.5583,68875,0.0,1.0
2017-03-13,0.65,0.66,0.65,0.66,0.5757,6520,0.0,1.0
2017-03-14,0.66,0.7,0.66,0.7,0.6106,19690,0.0,1.0
2017-03-15,0.66,0.66,0.66,0.66,0.5757,595,0.0,1.0
2017-03-16,0.66,0.66,0.63,0.63,0.5495,4050,0.0,1.0
2017-03-17,0.63,0.63,0.63,0.63,0.5495,0,0.0,1.0
2017-03-20,0.65,0.65,0.65,0.65,0.567,1500,0.0,1.0
2017-03-21,0.63,0.63,0.6,0.6,0.5234,8439,0.0,1.0
2017-03-22,0.6,0.6,0.6,0.6,0.5234,0,0.0,1.0
2017-03-23,0.58,0.58,0.55,0.55,0.4797,34150,0.0,1.0
2017-03-24,0.58,0.58,0.55,0.58,0.5059,7000,0.0,1.0
2017-03-27,0.55,0.58,0.54,0.55,0.4797,6200,0.0,1.0
2017-03-28,0.55,0.56,0.55,0.56,0.4885,5500,0.0,1.0
2017-03-29,10.0,10.02,10.0,10.01,8.7314,1683500,0.0,1.0
2017-03-30,10.0,10.07,10.0,10.0,8.7227,399600,0.0,1.0
2017-03-31,10.01,10.03,10.0,10.01,8.7314,127300,0.0,1.0
2017-04-03,10.0,10.02,10.0,10.01,8.7314,47500,0.0,1.0
2017-04-04,10.02,10.04,10.01,10.01,8.7314,69000,0.0,1.0
2017-04-05,10.01,10.04,10.0,10.03,8.7489,56200,0.0,1.0
2017-04-06,10.04,10.05,10.025,10.05,8.7663,35000,0.0,1.0
2017-04-07,10.05,10.06,10.0198,10.05,8.7663,42900,0.0,1.0
2017-04-10,10.06,10.1,10.05,10.1,8.8099,64400,0.0,1.0
2017-04-11,10.09,10.11,10.09,10.11,8.8186,42300,0.0,1.0
2017-04-12,10.12,10.1206,10.093,10.11,8.8186,25200,0.0,1.0
2017-04-13,10.11,10.13,10.1,10.12,8.8274,54000,0.0,1.0
2017-04-17,10.12,10.13,10.07,10.13,8.8361,30600,0.0,1.0
2017-04-18,10.11,10.11,10.07,10.07,8.7837,25900,0.0,1.0
2017-04-19,10.07,10.0803,10.07,10.08,8.7925,11200,0.0,1.0
2017-04-20,10.08,10.08,10.05,10.08,8.7925,26900,0.0,1.0
2017-04-21,10.08,10.14,10.078,10.14,8.8448,23500,0.0,1.0
2017-04-24,10.14,10.17,10.1,10.11,8.8186,13700,0.0,1.0
2017-04-25,10.14,10.17,10.09,10.09,8.8012,19100,0.0,1.0
2017-04-26,10.13,10.17,10.07,10.11,8.8186,38900,0.0,1.0
2017-04-27,10.17,10.17,10.1355,10.14,8.8448,18800,0.0,1.0
2017-04-28,10.15,10.1495,10.12,10.14,8.8448,15300,0.0,1.0
2017-05-01,10.05,10.07,10.04,10.05,8.7663,145400,0.0,1.0
2017-05-02,10.07,10.07,10.01,10.03,8.7489,151800,0.0,1.0
2017-05-03,10.03,10.03,10.01,10.01,8.7314,58900,0.0,1.0
2017-05-04,10.03,10.03,10.0,10.02,8.7401,45000,0.0,1.0
2017-05-05,10.01,10.04,10.01,10.03,8.7489,72800,0.0,1.0
2017-05-08,10.04,10.05,10.03,10.05,8.7663,16700,0.0,1.0
2017-05-09,10.04,10.08,10.031,10.08,8.7925,73600,0.0,1.0
2017-05-10,10.07,10.0702,10.05,10.06,8.775,22400,0.0,1.0
2017-05-11,10.01,10.03,10.0,10.02,8.7812,41000,0.047,1.0
2017-05-12,10.03,10.06,10.025,10.04,8.7987,57900,0.0,1.0
2017-05-15,10.04,10.05,9.99,9.99,8.7549,81100,0.0,1.0
2017-05-16,10.01,10.0504,10.0,10.05,8.8074,67800,0.0,1.0
2017-05-17,10.03,10.05,10.0,10.0,8.7636,62900,0.0,1.0
2017-05-18,10.02,10.04,10.0,10.03,8.7899,27500,0.0,1.0
2017-05-19,10.04,10.04,9.99,10.01,8.7724,55200,0.0,1.0
2017-05-22,10.02,10.04,9.99,9.99,8.7549,44100,0.0,1.0
2017-05-23,10.03,10.03,10.0,10.017,8.7785,44100,0.0,1.0
2017-05-24,10.03,10.0506,10.0,10.03,8.7899,97500,0.0,1.0
2017-05-25,10.03,10.05,10.029,10.05,8.8074,36000,0.0,1.0
2017-05-26,10.05,10.16,10.03,10.09,8.8425,85700,0.0,1.0
2017-05-30,10.057,10.21,10.04,10.21,8.9477,62200,0.0,1.0
2017-05-31,10.15,10.23,10.1,10.23,8.9652,133100,0.0,1.0
2017-06-01,10.19,10.19,10.05,10.09,8.8425,22700,0.0,1.0
2017-06-02,10.07,10.15,10.07,10.146,8.8916,16000,0.0,1.0
2017-06-05,10.15,10.16,10.01,10.04,8.7987,49800,0.0,1.0
2017-06-06,10.0598,10.09,10.043,10.06,8.8162,16500,0.0,1.0
2017-06-07,10.1,10.1,10.03,10.05,8.8074,48200,0.0,1.0
2017-06-08,10.05,10.07,10.03,10.06,8.8162,18200,0.0,1.0
2017-06-09,10.04,10.09,10.03,10.09,8.8425,20900,0.0,1.0
2017-06-12,10.08,10.19,10.07,10.11,8.86,37700,0.0,1.0
2017-06-13,10.05,10.13,9.99,10.01,8.8134,92900,0.047,1.0
2017-06-14,10.04,10.08,9.995,10.04,8.8398,53600,0.0,1.0
2017-06-15,10.0298,10.039,10.0,10.011,8.8142,28900,0.0,1.0
2017-06-16,10.02,10.03,10.0,10.02,8.8222,29000,0.0,1.0
2017-06-19,10.01,10.04,10.0,10.01,8.8134,74500,0.0,1.0
2017-06-20,10.02,10.05,10.018,10.05,8.8486,55400,0.0,1.0
2017-06-21,10.02,10.05,10.01,10.05,8.8486,47700,0.0,1.0
2017-06-22,10.044,10.05,10.02,10.05,8.8486,22800,0.0,1.0
2017-06-23,10.05,10.052,10.02,10.04,8.8398,22400,0.0,1.0
2017-06-26,10.06,10.06,10.01,10.05,8.8486,67100,0.0,1.0
2017-06-27,10.02,10.05,9.99,10.0,8.8046,97900,0.0,1.0
2017-06-28,10.034,10.04,10.01,10.02,8.8222,20100,0.0,1.0
2017-06-29,10.029,10.029,10.0,10.01,8.8134,24000,0.0,1.0
2017-06-30,10.02,10.05,10.009,10.04,8.8398,47700,0.0,1.0
2017-07-03,10.04,10.046,10.02,10.046,8.8451,13000,0.0,1.0
2017-07-05,10.04,10.04,10.0268,10.04,8.8398,6500,0.0,1.0
2017-07-06,10.021,10.06,10.01,10.03,8.831,127100,0.0,1.0
2017-07-07,10.01,10.04,10.01,10.03,8.831,29400,0.0,1.0
2017-07-10,10.031,10.06,10.016,10.05,8.8486,38300,0.0,1.0
2017-07-11,10.057,10.06,10.031,10.06,8.8574,29800,0.0,1.0
2017-07-12,10.03,10.08,10.03,10.07,8.9078,60600,0.047,1.0
2017-07-13,10.07,10.08,10.05,10.08,8.9167,32700,0.0,1.0
2017-07-14,10.04,10.053,10.02,10.03,8.8724,60100,0.0,1.0
2017-07-17,10.03,10.13,10.027,10.12,8.952,44000,0.0,1.0
2017-07-18,10.07,10.07,10.027,10.04,8.8813,20800,0.0,1.0
2017-07-19,10.05,10.12,10.0,10.05,8.8901,60900,0.0,1.0
2017-07-20,10.0498,10.09,10.05,10.09,8.9255,23700,0.0,1.0
2017-07-21,10.082,10.1,10.081,10.1,8.9343,9700,0.0,1.0
2017-07-24,10.09,10.09,10.05,10.07,8.9078,14100,0.0,1.0
2017-07-25,10.06,10.09,10.02,10.08,8.9167,30500,0.0,1.0
2017-07-26,10.079,10.1,10.04,10.1,8.9343,35000,0.0,1.0
2017-07-27,10.08,10.09,10.03,10.08,8.9167,41800,0.0,1.0
2017-07-28,10.04,10.18,10.04,10.18,9.0051,70500,0.0,1.0
2017-07-31,10.18,10.19,10.14,10.14,8.9697,37200,0.0,1.0
2017-08-01,10.18,10.19,10.12,10.19,9.014,28800,0.0,1.0
2017-08-02,10.11,10.17,10.09,10.1,8.9343,62600,0.0,1.0
2017-08-03,10.12,10.19,10.1,10.19,9.014,33900,0.0,1.0
2017-08-04,10.17,10.17,10.17,10.17,8.9963,7700,0.0,1.0
2017-08-07,10.167,10.167,10.07,10.1,8.9343,44600,0.0,1.0
2017-08-08,10.1,10.12,10.0998,10.1,8.9343,12100,0.0,1.0
2017-08-09,10.08,10.12,10.04,10.04,8.8813,38500,0.0,1.0
2017-08-10,10.06,10.066,10.0,10.02,8.8636,30000,0.0,1.0
2017-08-11,10.0,10.03,9.97,9.99,8.8787,60700,0.047,1.0
2017-08-14,10.01,10.02,9.97,9.974,8.8645,56500,0.0,1.0
2017-08-15,9.98,10.0,9.9699,10.0,8.8876,27100,0.0,1.0
2017-08-16,10.03,10.09,10.0,10.01,8.8965,66900,0.0,1.0
2017-08-17,10.01,10.06,10.0,10.04,8.9231,17700,0.0,1.0
2017-08-18,10.02,10.03,10.01,10.01,8.8965,11300,0.0,1.0
2017-08-21,10.027,10.0409,10.0,10.02,8.9054,30000,0.0,1.0
2017-08-22,10.03,10.07,10.017,10.02,8.9054,44200,0.0,1.0
2017-08-23,10.027,10.04,10.01,10.02,8.9054,20800,0.0,1.0
2017-08-24,10.0393,10.04,10.0,10.01,8.8965,26200,0.0,1.0
2017-08-25,10.0,10.006,9.97,9.98,8.8698,21300,0.0,1.0
2017-08-28,9.99,10.03,9.83,9.93,8.8254,166300,0.0,1.0
2017-08-29,9.88,9.91,9.81,9.87,8.772,87800,0.0,1.0
2017-08-30,9.85,9.93,9.82,9.86,8.7632,87800,0.0,1.0
2017-08-31,9.88,9.93,9.85,9.88,8.7809,35100,0.0,1.0
2017-09-01,9.93,9.939,9.76,9.821,8.7285,69200,0.0,1.0
2017-09-05,9.89,9.9408,9.83,9.83,8.7365,67400,0.0,1.0
2017-09-06,9.84,9.94,9.84,9.93,8.8254,37100,0.0,1.0
2017-09-07,9.92,10.0,9.9183,9.93,8.8254,36500,0.0,1.0
2017-09-08,10.0,10.0,9.84,9.93,8.8254,58600,0.0,1.0
2017-09-11,9.86,10.01,9.8595,9.98,8.8698,38100,0.0,1.0
2017-09-12,9.97,9.97,9.8906,9.9,8.7987,57000,0.0,1.0
2017-09-13,9.9,9.92,9.85,9.9,8.7987,53000,0.0,1.0
2017-09-14,9.88,9.93,9.82,9.9,8.8407,51300,0.047,1.0
2017-09-15,9.85,9.901,9.83,9.85,8.796,60800,0.0,1.0
2017-09-18,9.95,9.957,9.85,9.9,8.8407,27900,0.0,1.0
2017-09-19,9.92,9.92,9.8,9.82,8.7692,115900,0.0,1.0
2017-09-20,9.84,9.86,9.8,9.8,8.7514,97400,0.0,1.0
2017-09-21,9.85,9.96,9.85,9.94,8.8764,77200,0.0,1.0
2017-09-22,9.93,9.97,9.85,9.93,8.8675,37700,0.0,1.0
2017-09-25,9.887,9.887,9.887,9.887,8.8291,49500,0.0,1.0
2017-09-26,9.9,9.97,9.8882,9.95,8.8853,40900,0.0,1.0
2017-09-27,9.9597,9.98,9.85,9.86,8.805,59700,0.0,1.0
2017-09-28,9.8798,9.89,9.85,9.87,8.8139,37500,0.0,1.0
2017-09-29,9.9,9.93,9.8004,9.85,8.796,106100,0.0,1.0
2017-10-02,9.88,9.91,9.83,9.87,8.8139,66200,0.0,1.0
2017-10-03,9.89,9.91,9.86,9.87,8.8139,67700,0.0,1.0
2017-10-04,9.89,9.94,9.87,9.94,8.8764,48600,0.0,1.0
2017-10-05,9.95,9.99,9.9,9.94,8.8764,24200,0.0,1.0
2017-10-06,9.9,10.01,9.9,10.005,8.9344,29300,0.0,1.0
2017-10-09,9.95,10.05,9.95,10.044,8.9693,35300,0.0,1.0
2017-10-10,10.04,10.06,9.97,10.03,8.9568,61900,0.0,1.0
2017-10-11,9.98,9.98,9.98,9.98,8.9121,61500,0.0,1.0
2017-10-12,10.018,10.07,9.95,10.06,9.0261,65100,0.047,1.0
2017-10-13,10.06,10.1,10.02,10.02,8.9902,49600,0.0,1.0
2017-10-16,10.02,10.0407,10.01,10.03,8.9991,42300,0.0,1.0
2017-10-17,10.01,10.06,10.0,10.0,8.9722,58400,0.0,1.0
2017-10-18,10.01,10.05,9.95,9.97,8.9453,43700,0.0,1.0
2017-10-19,9.94,10.06,9.94,9.98,8.9543,60100,0.0,1.0
2017-10-20,9.99,10.0,9.98,9.99,8.9633,23700,0.0,1.0
2017-10-23,10.0,10.0,9.9,9.95,8.9274,87600,0.0,1.0
2017-10-24,9.96,9.98,9.92,9.92,8.9004,18000,0.0,1.0
2017-10-25,9.96,9.96,9.9,9.91,8.8915,74800,0.0,1.0
2017-10-26,9.93,9.93,9.86,9.86,8.8466,52200,0.0,1.0
2017-10-27,9.928,9.96,9.9,9.9,8.8825,45100,0.0,1.0
2017-10-30,10.0,10.01,9.9,9.93,8.9094,70900,0.0,1.0
2017-10-31,9.94,10.01,9.93,9.99,8.9633,66700,0.0,1.0
2017-11-01,10.02,10.02,10.02,10.02,8.9902,42700,0.0,1.0
2017-11-02,10.03,10.08,9.9803,10.08,9.044,49400,0.0,1.0
2017-11-03,9.99,10.05,9.98,10.01,8.9812,35900,0.0,1.0
2017-11-06,10.08,10.08,10.03,10.08,9.044,14000,0.0,1.0
2017-11-07,10.1,10.1,10.01,10.017,8.9875,21100,0.0,1.0
2017-11-08,10.04,10.05,9.98,9.99,8.9633,32000,0.0,1.0
2017-11-09,9.99,9.992,9.86,9.95,8.9274,54200,0.0,1.0
2017-11-10,9.96,10.0,9.9292,9.985,8.9588,58200,0.0,1.0
2017-11-13,9.969,9.98,9.96,9.966,8.9417,20100,0.0,1.0
2017-11-14,9.909,9.966,9.87,9.91,8.9336,12100,0.047,1.0
2017-11-15,9.906,9.92,9.86,9.86,8.8885,45300,0.0,1.0
2017-11-16,9.86,9.86,9.71,9.71,8.7533,123500,0.0,1.0
2017-11-17,9.71,9.8,9.71,9.76,8.7984,54000,0.0,1.0
2017-11-20,9.8,9.82,9.72,9.72,8.7623,44500,0.0,1.0
2017-11-21,9.75,9.96,9.68,9.94,8.9606,78900,0.0,1.0
2017-11-22,9.93,9.93,9.81,9.85,8.8795,30600,0.0,1.0
2017-11-24,9.82,9.84,9.82,9.82,8.8525,12400,0.0,1.0
2017-11-27,9.8111,9.85,9.8,9.84,8.8705,37200,0.0,1.0
2017-11-28,9.9,9.91,9.8701,9.88,8.9066,26100,0.0,1.0
2017-11-29,9.9806,9.98,9.75,9.76,8.7984,52600,0.0,1.0
2017-11-30,9.75,9.813,9.7,9.81,8.8435,66100,0.0,1.0
2017-12-01,9.85,9.93,9.85,9.93,8.9516,43300,0.0,1.0
2017-12-04,10.07,10.07,9.85,9.88,8.9066,30100,0.0,1.0
2017-12-05,9.9003,9.92,9.78,9.83,8.8615,51300,0.0,1.0
2017-12-06,9.82,9.9,9.82,9.9,8.9246,36700,0.0,1.0
2017-12-07,9.938,9.97,9.938,9.97,8.9877,20700,0.0,1.0
2017-12-08,10.001,10.04,9.97,10.04,9.0508,46600,0.0,1.0
2017-12-11,10.011,10.011,9.956,9.956,8.9751,26300,0.0,1.0
2017-12-12,9.95,9.9703,9.92,9.92,8.9426,23200,0.0,1.0
2017-12-13,9.97,9.97,9.9,9.93,8.9516,17400,0.0,1.0
2017-12-14,9.97,9.97,9.68,9.76,8.8402,121000,0.047,1.0
2017-12-15,9.76,9.78,9.73,9.74,8.8221,53000,0.0,1.0
2017-12-18,9.746,9.746,9.66,9.67,8.7587,72400,0.0,1.0
2017-12-19,9.71,9.71,9.55,9.601,8.6962,204100,0.0,1.0
2017-12-20,9.593,9.98,9.5,9.7,8.7859,92300,0.0,1.0
2017-12-21,9.75,9.78,9.58,9.63,8.7225,97500,0.0,1.0
2017-12-22,9.66,9.684,9.6,9.66,8.7496,75000,0.0,1.0
2017-12-26,9.58,9.6501,9.51,9.63,8.7225,93000,0.0,1.0
2017-12-27,9.67,9.698,9.6,9.64,8.7315,109000,0.0,1.0
2017-12-28,9.611,9.66,9.51,9.579,8.6763,315000,0.0,1.0
2017-12-29,9.59,9.59,9.44,9.49,8.5957,756100,0.0,1.0
2018-01-02,9.46,9.63,9.46,9.58,8.6772,92500,0.0,1.0
2018-01-03,9.6293,9.66,9.59,9.63,8.7225,111000,0.0,1.0
2018-01-04,9.64,9.66,9.58,9.62,8.7134,71400,0.0,1.0
2018-01-05,9.6399,9.7,9.64,9.67,8.7587,101400,0.0,1.0
2018-01-08,9.66,9.69,9.64,9.64,8.7315,178700,0.0,1.0
2018-01-09,9.64,9.71,9.61,9.611,8.7053,115300,0.0,1.0
2018-01-10,9.6,9.61,9.54,9.59,8.6862,179900,0.0,1.0
2018-01-11,9.53,9.58,9.53,9.58,8.7199,53600,0.047,1.0
2018-01-12,9.57,9.61,9.53,9.53,8.6744,74700,0.0,1.0
2018-01-16,9.57,9.586,9.51,9.51,8.6562,58200,0.0,1.0
2018-01-17,9.55,9.55,9.51,9.52,8.6653,38600,0.0,1.0
2018-01-18,9.45,9.54,9.45,9.49,8.638,118500,0.0,1.0
2018-01-19,9.49,9.496,9.45,9.46,8.6107,136300,0.0,1.0
2018-01-22,9.43,9.55,9.43,9.49,8.638,123800,0.0,1.0
2018-01-23,9.53,9.54,9.48,9.48,8.6289,46000,0.0,1.0
2018-01-24,9.47,9.55,9.47,9.51,8.6562,132700,0.0,1.0
2018-01-25,9.5014,9.59,9.47,9.59,8.729,72600,0.0,1.0
2018-01-26,9.62,9.63,9.61,9.63,8.7654,55400,0.0,1.0
2018-01-29,9.621,9.6394,9.5,9.5,8.6471,63800,0.0,1.0
2018-01-30,9.44,9.503,9.44,9.47,8.6198,123000,0.0,1.0
2018-01-31,9.48,9.53,9.4801,9.51,8.6562,51300,0.0,1.0
2018-02-01,9.46,9.5497,9.46,9.5,8.6471,42900,0.0,1.0
2018-02-02,9.52,9.53,9.43,9.43,8.5834,45500,0.0,1.0
2018-02-05,9.5,9.5,9.3,9.31,8.4742,97500,0.0,1.0
2018-02-06,9.3,9.43,9.3,9.36,8.5197,83100,0.0,1.0
2018-02-07,9.4999,9.539,9.345,9.42,8.5743,99500,0.0,1.0
2018-02-08,9.426,9.426,9.33,9.341,8.5024,55400,0.0,1.0
2018-02-09,9.4,9.399,9.3,9.35,8.5106,70900,0.0,1.0
2018-02-12,9.37,9.444,9.35,9.41,8.5652,34300,0.0,1.0
2018-02-13,9.41,9.41,9.35,9.407,8.5625,27600,0.0,1.0
2018-02-14,9.48,9.48,9.29,9.35,8.5533,73500,0.047,1.0
2018-02-15,9.311,9.35,9.31,9.32,8.5259,63000,0.0,1.0
2018-02-16,9.3,9.322,9.26,9.3,8.5076,102900,0.0,1.0
2018-02-20,9.3407,9.34,9.301,9.33,8.535,20000,0.0,1.0
2018-02-21,9.32,9.35,9.32,9.34,8.5442,35300,0.0,1.0
2018-02-22,9.34,9.35,9.33,9.35,8.5533,71300,0.0,1.0
2018-02-23,9.35,9.36,9.338,9.35,8.5533,64700,0.0,1.0
2018-02-26,9.35,9.35,9.321,9.35,8.5533,62800,0.0,1.0
2018-02-27,9.35,9.359,9.31,9.31,8.5167,42300,0.0,1.0
2018-02-28,9.33,9.37,9.29,9.31,8.5167,73600,0.0,1.0
2018-03-01,9.34,9.34,9.2948,9.32,8.5259,25300,0.0,1.0
2018-03-02,9.34,9.34,9.3,9.329,8.5341,44100,0.0,1.0
2018-03-05,9.314,9.34,9.3112,9.33,8.535,23600,0.0,1.0
2018-03-06,9.35,9.37,9.323,9.36,8.5625,65400,0.0,1.0
2018-03-07,9.38,9.45,9.3799,9.445,8.6402,49400,0.0,1.0
2018-03-08,9.46,9.5,9.369,9.41,8.6082,108700,0.0,1.0
2018-03-09,9.47,9.47,9.44,9.47,8.6631,42800,0.0,1.0
2018-03-12,9.47,9.47,9.417,9.42,8.6173,27200,0.0,1.0
2018-03-13,9.45,9.45,9.33,9.35,8.5533,90300,0.0,1.0
2018-03-14,9.39,9.4,9.35,9.4,8.6425,48400,0.047,1.0
2018-03-15,9.3895,9.42,9.37,9.42,8.6609,55200,0.0,1.0
2018-03-16,9.44,9.46,9.4,9.42,8.6609,87600,0.0,1.0
2018-03-19,9.43,9.43,9.363,9.4,8.6425,79200,0.0,1.0
2018-03-20,9.424,9.45,9.31,9.35,8.5965,112400,0.0,1.0
2018-03-21,9.39,9.42,9.38,9.42,8.6609,158000,0.0,1.0
2018-03-22,9.4299,9.45,9.36,9.42,8.6609,90200,0.0,1.0
2018-03-23,9.4253,9.45,9.41,9.45,8.6885,62500,0.0,1.0
2018-03-26,9.43,9.436,9.34,9.37,8.6149,104400,0.0,1.0
2018-03-27,9.39,9.44,9.38,9.4,8.6425,73200,0.0,1.0
2018-03-28,9.4303,9.55,9.416,9.53,8.762,195500,0.0,1.0
2018-03-29,9.522,9.62,9.511,9.62,8.8448,262100,0.0,1.0
2018-04-02,9.67,9.67,9.32,9.4,8.6425,64500,0.0,1.0
2018-04-03,9.4,9.635,9.3997,9.56,8.7896,57900,0.0,1.0
2018-04-04,9.66,9.73,9.4708,9.49,8.7252,66800,0.0,1.0
2018-04-05,9.53,9.58,9.516,9.55,8.7804,28900,0.0,1.0
2018-04-06,9.559,9.63,9.5,9.594,8.8209,54200,0.0,1.0
2018-04-09,9.67,9.68,9.53,9.56,8.7896,47200,0.0,1.0
2018-04-10,9.5495,9.64,9.43,9.49,8.7252,71100,0.0,1.0
2018-04-11,9.51,9.54,9.44,9.48,8.716,56700,0.0,1.0
2018-04-12,9.49,9.5,9.42,9.465,8.7456,68200,0.047,1.0
2018-04-13,9.42,9.459,9.41,9.42,8.704,28900,0.0,1.0
2018-04-16,9.42,9.49,9.42,9.46,8.741,36500,0.0,1.0
2018-04-17,9.48,9.54,9.46,9.52,8.7964,46100,0.0,1.0
2018-04-18,9.513,9.54,9.511,9.54,8.8149,38300,0.0,1.0
2018-04-19,9.5,9.59,9.5,9.58,8.8519,34300,0.0,1.0
2018-04-20,9.58,9.62,9.5007,9.5,8.778,56800,0.0,1.0
2018-04-23,9.535,9.64,9.5,9.52,8.7964,70900,0.0,1.0
2018-04-24,9.55,9.57,9.52,9.56,8.8334,23000,0.0,1.0
2018-04-25,9.52,9.54,9.455,9.47,8.7502,53400,0.0,1.0
2018-04-26,9.45,9.61,9.45,9.57,8.8426,52000,0.0,1.0
2018-04-27,9.48,9.5003,9.47,9.49,8.7687,27300,0.0,1.0
2018-04-30,9.51,9.56,9.5,9.54,8.8149,58100,0.0,1.0
2018-05-01,9.64,9.64,9.4992,9.55,8.8242,63700,0.0,1.0
2018-05-02,9.6,9.6,9.53,9.54,8.8149,44000,0.0,1.0
2018-05-03,9.49,9.56,9.47,9.53,8.8057,92600,0.0,1.0
2018-05-04,9.58,9.58,9.52,9.52,8.7964,46800,0.0,1.0
2018-05-07,9.55,9.57,9.51,9.52,8.7964,50200,0.0,1.0
2018-05-08,9.56,9.56,9.42,9.44,8.7225,56500,0.0,1.0
2018-05-09,9.441,9.59,9.441,9.56,8.8334,65100,0.0,1.0
2018-05-10,9.54,9.64,9.54,9.59,8.8611,66000,0.0,1.0
2018-05-11,9.64,9.64,9.59,9.62,8.8888,22400,0.0,1.0
2018-05-14,9.573,9.58,9.55,9.57,8.886,39700,0.047,1.0
2018-05-15,9.56,9.56,9.45,9.48,8.8025,60900,0.0,1.0
2018-05-16,9.49,9.52,9.48,9.48,8.8025,49500,0.0,1.0
2018-05-17,9.48,9.51,9.47,9.48,8.8025,30600,0.0,1.0
2018-05-18,9.48,9.521,9.47,9.51,8.8303,28000,0.0,1.0
2018-05-21,9.48,9.517,9.44,9.44,8.7653,38200,0.0,1.0
2018-05-22,9.44,9.47,9.35,9.4,8.7282,169600,0.0,1.0
2018-05-23,9.42,9.422,9.3497,9.4,8.7282,140500,0.0,1.0
2018-05-24,9.42,9.42,9.35,9.39,8.7189,62300,0.0,1.0
2018-05-25,9.41,9.41,9.36,9.36,8.6911,35900,0.0,1.0
2018-05-29,9.38,9.38,9.31,9.32,8.6539,55300,0.0,1.0
2018-05-30,9.36,9.38,9.31,9.33,8.6632,74900,0.0,1.0
2018-05-31,9.3812,9.38,9.3,9.32,8.6539,91100,0.0,1.0
2018-06-01,9.3703,9.37,9.31,9.35,8.6818,50600,0.0,1.0
2018-06-04,9.37,9.37,9.32,9.33,8.6632,43700,0.0,1.0
2018-06-05,9.32,9.35,9.31,9.32,8.6539,34000,0.0,1.0
2018-06-06,9.33,9.37,9.32,9.34,8.6725,28500,0.0,1.0
2018-06-07,9.39,9.4,9.34,9.34,8.6725,48500,0.0,1.0
2018-06-08,9.38,9.39,9.35,9.36,8.6911,15600,0.0,1.0
2018-06-11,9.39,9.39,9.3,9.31,8.6446,62000,0.0,1.0
2018-06-12,9.32,9.37,9.32,9.33,8.6632,55500,0.0,1.0
2018-06-13,9.37,9.411,9.34,9.4,8.7282,59600,0.0,1.0
2018-06-14,9.38,9.38,9.35,9.37,8.7441,45600,0.047,1.0
2018-06-15,9.36,9.42,9.36,9.42,8.7907,53200,0.0,1.0
2018-06-18,9.403,9.4026,9.38,9.39,8.7627,28600,0.0,1.0
2018-06-19,9.39,9.3997,9.329,9.33,8.7067,71300,0.0,1.0
2018-06-20,9.36,9.38,9.33,9.34,8.7161,67200,0.0,1.0
2018-06-21,9.34,9.409,9.34,9.34,8.7161,56700,0.0,1.0
2018-06-22,9.41,9.41,9.3195,9.35,8.7254,81600,0.0,1.0
2018-06-25,9.36,9.39,9.27,9.28,8.6601,112400,0.0,1.0
2018-06-26,9.3,9.33,9.3,9.31,8.6881,66500,0.0,1.0
2018-06-27,9.33,9.38,9.31,9.38,8.7534,40600,0.0,1.0
2018-06-28,9.4,9.3995,9.363,9.4,8.7721,26400,0.0,1.0
2018-06-29,9.42,9.44,9.38,9.44,8.8094,72000,0.0,1.0
2018-07-02,9.57,9.57,9.44,9.54,8.9027,50100,0.0,1.0
2018-07-03,9.55,9.55,9.5097,9.53,8.8934,15300,0.0,1.0
2018-07-05,9.55,9.6,9.55,9.59,8.9494,25800,0.0,1.0
2018-07-06,9.55,9.6,9.5,9.56,8.9214,18200,0.0,1.0
2018-07-09,9.6,9.6,9.551,9.58,8.94,28100,0.0,1.0
2018-07-10,9.5,9.54,9.46,9.49,8.856,94000,0.0,1.0
2018-07-11,9.52,9.594,9.491,9.54,8.9027,18000,0.0,1.0
2018-07-12,9.5,9.6,9.5,9.6,9.0031,27700,0.047,1.0
2018-07-13,9.56,9.57,9.31,9.46,8.8718,19900,0.0,1.0
2018-07-16,9.37,9.4481,9.37,9.43,8.8436,51200,0.0,1.0
2018-07-17,9.44,9.44,9.39,9.4,8.8155,41200,0.0,1.0
2018-07-18,9.448,9.448,9.39,9.44,8.853,33000,0.0,1.0
2018-07-19,9.44,9.49,9.43,9.44,8.853,37400,0.0,1.0
2018-07-20,9.44,9.48,9.43,9.48,8.8905,34700,0.0,1.0
2018-07-23,9.407,9.55,9.407,9.55,8.9562,57500,0.0,1.0
2018-07-24,9.5296,9.58,9.47,9.47,8.8811,69100,0.0,1.0
2018-07-25,9.42,9.46,9.38,9.38,8.7967,69500,0.0,1.0
2018-07-26,9.48,9.48,9.37,9.42,8.8342,49800,0.0,1.0
2018-07-27,9.41,9.41,9.381,9.4,8.8155,29200,0.0,1.0
2018-07-30,9.43,9.43,9.38,9.42,8.8342,61700,0.0,1.0
2018-07-31,9.4,9.4595,9.4,9.45,8.8624,53500,0.0,1.0
2018-08-01,9.54,9.54,9.46,9.5,8.9093,29100,0.0,1.0
2018-08-02,9.49,9.51,9.36,9.42,8.8342,70200,0.0,1.0
2018-08-03,9.4,9.43,9.36,9.42,8.8342,68800,0.0,1.0
2018-08-06,9.422,9.45,9.414,9.44,8.853,50600,0.0,1.0
2018-08-07,9.427,9.427,9.37,9.37,8.7874,72600,0.0,1.0
2018-08-08,9.4,9.414,9.39,9.408,8.823,32100,0.0,1.0
2018-08-09,9.43,9.4598,9.42,9.46,8.8718,45200,0.0,1.0
2018-08-10,9.48,9.5,9.451,9.47,8.8811,22700,0.0,1.0
2018-08-13,9.463,9.475,9.43,9.465,8.8764,42100,0.0,1.0
2018-08-14,9.37,9.49,9.37,9.47,8.9255,30200,0.047,1.0
2018-08-15,9.48,9.64,9.44,9.62,9.0668,149900,0.0,1.0
2018-08-16,9.6,9.64,9.55,9.64,9.0857,42100,0.0,1.0
2018-08-17,9.64,9.64,9.52,9.52,8.9726,38800,0.0,1.0
2018-08-20,9.544,9.63,9.53,9.63,9.0763,25900,0.0,1.0
2018-08-21,9.57,9.64,9.55,9.55,9.0009,51400,0.0,1.0
2018-08-22,9.59,9.59,9.52,9.53,8.982,30300,0.0,1.0
2018-08-23,9.59,9.63,9.55,9.55,9.0009,39500,0.0,1.0
2018-08-24,9.64,9.64,9.5309,9.6,9.048,66100,0.0,1.0
2018-08-27,9.62,9.64,9.6,9.62,9.0668,38000,0.0,1.0
2018-08-28,9.64,9.67,9.5699,9.62,9.0668,70200,0.0,1.0
2018-08-29,9.6198,9.62,9.5,9.5,8.9537,93100,0.0,1.0
2018-08-30,9.56,9.56,9.49,9.527,8.9792,35800,0.0,1.0
2018-08-31,9.5,9.56,9.5,9.56,9.0103,35100,0.0,1.0
2018-09-04,9.59,9.59,9.5397,9.59,9.0386,42800,0.0,1.0
2018-09-05,9.58,9.6,9.56,9.58,9.0291,20200,0.0,1.0
2018-09-06,9.59,9.7303,9.575,9.64,9.0857,55700,0.0,1.0
2018-09-07,9.645,9.67,9.6,9.65,9.0951,18400,0.0,1.0
2018-09-10,9.61,9.83,9.56,9.77,9.2082,76200,0.0,1.0
2018-09-11,9.75,9.75,9.6,9.6,9.048,28500,0.0,1.0
2018-09-12,9.68,9.68,9.55,9.59,9.0386,51700,0.0,1.0
2018-09-13,9.58,9.59,9.54,9.58,9.0736,29700,0.047,1.0
2018-09-14,9.58,9.651,9.58,9.651,9.1408,10500,0.0,1.0
2018-09-17,9.61,9.61,9.5,9.55,9.0452,61600,0.0,1.0
2018-09-18,9.55,9.56,9.53,9.56,9.0547,23100,0.0,1.0
2018-09-19,9.535,9.55,9.52,9.55,9.0452,29100,0.0,1.0
2018-09-20,9.58,9.59,9.5,9.51,9.0073,62200,0.0,1.0
2018-09-21,9.552,9.72,9.51,9.51,9.0073,44600,0.0,1.0
2018-09-24,9.522,9.59,9.5,9.59,9.0831,28400,0.0,1.0
2018-09-25,9.65,9.67,9.59,9.64,9.1304,38000,0.0,1.0
2018-09-26,9.74,9.74,9.67,9.73,9.2157,41600,0.0,1.0
2018-09-27,9.74,9.74,9.65,9.65,9.1399,17000,0.0,1.0
2018-09-28,9.716,9.73,9.55,9.55,9.0452,38000,0.0,1.0
2018-10-01,9.66,9.66,9.49,9.52,9.0168,58800,0.0,1.0
2018-10-02,9.49,9.52,9.49,9.49,8.9884,56300,0.0,1.0
2018-10-03,9.5,9.55,9.46,9.475,8.9742,42500,0.0,1.0
2018-10-04,9.464,9.464,9.32,9.33,8.8368,58700,0.0,1.0
2018-10-05,9.38,9.38,9.32,9.32,8.8273,26700,0.0,1.0
2018-10-08,9.35,9.409,9.337,9.37,8.8747,53200,0.0,1.0
2018-10-09,9.4206,9.42,9.357,9.38,8.8842,37700,0.0,1.0
2018-10-10,9.363,9.43,9.36,9.36,8.8652,37800,0.0,1.0
2018-10-11,9.36,9.48,9.33,9.35,8.8558,96400,0.0,1.0
2018-10-12,9.41,9.41,9.265,9.3,8.8529,74800,0.047,1.0
2018-10-15,9.3,9.35,9.3,9.34,8.891,51800,0.0,1.0
2018-10-16,9.33,9.38,9.3216,9.36,8.91,34300,0.0,1.0
2018-10-17,9.38,9.43,9.34,9.34,8.891,37700,0.0,1.0
2018-10-18,9.318,9.377,9.25,9.3,8.8529,58500,0.0,1.0
2018-10-19,9.294,9.32,9.24,9.266,8.8205,73100,0.0,1.0
2018-10-22,9.26,9.3403,9.25,9.3,8.8529,49400,0.0,1.0
2018-10-23,9.25,9.34,9.25,9.28,8.8339,36700,0.0,1.0
2018-10-24,9.33,9.33,9.2806,9.32,8.8719,49700,0.0,1.0
2018-10-25,9.3,9.53,9.27,9.53,9.0718,86600,0.0,1.0
2018-10-26,9.44,9.44,9.31,9.35,8.9005,21000,0.0,1.0
2018-10-29,9.36,9.45,9.27,9.44,8.9862,47500,0.0,1.0
2018-10-30,9.46,9.47,9.295,9.4,8.9481,86900,0.0,1.0
2018-10-31,9.369,9.52,9.369,9.44,8.9862,20600,0.0,1.0
2018-11-01,9.52,9.53,9.42,9.53,9.0718,22600,0.0,1.0
2018-11-02,9.59,9.6,9.447,9.56,9.1004,18200,0.0,1.0
2018-11-05,9.59,9.59,9.4919,9.526,9.068,31400,0.0,1.0
2018-11-06,9.5,9.545,9.48,9.48,9.0243,35700,0.0,1.0
2018-11-07,9.51,9.5896,9.49,9.505,9.048,57200,0.0,1.0
2018-11-08,9.495,9.505,9.37,9.41,8.9576,43200,0.0,1.0
2018-11-09,9.39,9.49,9.36,9.39,8.9386,32500,0.0,1.0
2018-11-12,9.388,9.4,9.36,9.39,8.9386,33700,0.0,1.0
2018-11-13,9.4,9.42,9.36,9.37,8.9195,69300,0.0,1.0
2018-11-14,9.36,9.427,9.36,9.394,8.9875,60700,0.047,1.0
2018-11-15,9.4,9.6,9.4,9.41,9.0028,44800,0.0,1.0
2018-11-16,9.4801,9.48,9.35,9.42,9.0123,35200,0.0,1.0
2018-11-19,9.4,9.4002,9.18,9.26,8.8593,56600,0.0,1.0
2018-11-20,9.2,9.2,8.86,8.866,8.4823,112900,0.0,1.0
2018-11-21,8.91,9.19,8.902,9.19,8.7923,71600,0.0,1.0
2018-11-23,9.17,9.173,9.0,9.15,8.754,7400,0.0,1.0
2018-11-26,9.116,9.12,8.91,9.09,8.6966,144600,0.0,1.0
2018-11-27,9.07,9.08,8.97,9.07,8.6775,63800,0.0,1.0
2018-11-28,9.02,9.1,9.01,9.1,8.7062,88300,0.0,1.0
2018-11-29,9.1,9.19,9.01,9.076,8.6832,54100,0.0,1.0
2018-11-30,9.08,9.1192,9.02,9.08,8.6871,63300,0.0,1.0
2018-12-03,9.19,9.192,9.13,9.19,8.7923,71500,0.0,1.0
2018-12-04,9.2,9.2,9.08,9.142,8.7464,101800,0.0,1.0
2018-12-06,9.17,9.34,9.0,9.26,8.8593,138800,0.0,1.0
2018-12-07,9.34,9.39,9.18,9.31,8.9071,40300,0.0,1.0
2018-12-10,9.38,9.38,9.12,9.26,8.8593,79300,0.0,1.0
2018-12-11,9.3,9.33,9.06,9.18,8.7827,80300,0.0,1.0
2018-12-12,9.161,9.2,9.1,9.15,8.754,81500,0.0,1.0
2018-12-13,9.08,9.0912,8.97,9.0,8.655,87800,0.047,1.0
2018-12-14,9.01,9.06,8.95,8.95,8.6069,136500,0.0,1.0
2018-12-17,9.0,9.0,8.75,8.79,8.453,126800,0.0,1.0
2018-12-18,8.84,8.86,8.74,8.84,8.5011,169800,0.0,1.0
2018-12-19,8.74,8.86,8.7,8.76,8.4242,132000,0.0,1.0
2018-12-20,8.7,8.81,8.36,8.44,8.1164,195800,0.0,1.0
2018-12-21,8.44,8.68,8.38,8.51,8.1838,128500,0.0,1.0
2018-12-24,8.51,8.64,8.41,8.63,8.2992,66800,0.0,1.0
2018-12-26,8.54,8.84,8.54,8.71,8.3761,90300,0.0,1.0
2018-12-27,8.73,8.79,8.37,8.55,8.2222,178000,0.0,1.0
2018-12-28,8.54,8.551,8.23,8.5,8.1741,365200,0.0,1.0
2018-12-31,8.52,8.8,8.39,8.46,8.1357,317300,0.0,1.0
2019-01-02,8.42,8.57,8.42,8.55,8.2222,37700,0.0,1.0
2019-01-03,8.59,8.61,8.43,8.57,8.2415,57400,0.0,1.0
2019-01-04,8.64,8.81,8.62,8.62,8.2895,76200,0.0,1.0
2019-01-07,8.6901,8.81,8.69,8.8,8.4626,84600,0.0,1.0
2019-01-08,8.8,8.99,8.67,8.94,8.5973,117700,0.0,1.0
2019-01-09,8.96,9.03,8.87,9.01,8.6646,90200,0.0,1.0
2019-01-10,9.05,9.2,8.97,8.98,8.6357,130200,0.0,1.0
2019-01-11,9.07,9.07,8.92,9.03,8.6838,70600,0.0,1.0
2019-01-14,8.92,9.18,8.92,9.01,8.7099,34900,0.047,1.0
2019-01-15,8.98,9.24,8.9803,9.22,8.9129,78300,0.0,1.0
2019-01-16,9.16,9.28,9.12,9.25,8.9419,70900,0.0,1.0
2019-01-17,9.27,9.27,9.123,9.24,8.9323,34300,0.0,1.0
2019-01-18,9.244,9.244,9.1,9.1,8.7969,71600,0.0,1.0
2019-01-22,9.13,9.1504,9.11,9.14,8.8356,86600,0.0,1.0
2019-01-23,9.132,9.21,9.11,9.18,8.8743,89000,0.0,1.0
2019-01-24,9.25,9.25,9.101,9.212,8.9052,74300,0.0,1.0
2019-01-25,9.2,9.3,9.15,9.26,8.9516,81400,0.0,1.0
2019-01-28,9.25,9.42,9.23,9.39,9.0773,68100,0.0,1.0
2019-01-29,9.35,9.4198,9.35,9.37,9.0579,65200,0.0,1.0
2019-01-30,9.42,9.62,9.32,9.46,9.1449,107700,0.0,1.0
2019-01-31,9.4108,9.45,9.375,9.444,9.1295,68400,0.0,1.0
2019-02-01,9.5,9.6,9.394,9.58,9.2609,51900,0.0,1.0
2019-02-04,9.5,9.55,9.44,9.53,9.2126,85100,0.0,1.0
2019-02-05,9.55,9.6496,9.45,9.64,9.3189,134100,0.0,1.0
2019-02-06,9.6,9.62,9.5001,9.54,9.2223,59500,0.0,1.0
2019-02-07,9.66,9.66,9.42,9.43,9.1159,83900,0.0,1.0
2019-02-08,9.48,9.48,9.41,9.41,9.0966,42700,0.0,1.0
2019-02-11,9.49,9.65,9.429,9.43,9.1159,68300,0.0,1.0
2019-02-12,9.46,9.68,9.46,9.59,9.2706,67300,0.0,1.0
2019-02-13,9.52,9.65,9.4807,9.55,9.2319,43700,0.0,1.0
2019-02-14,9.61,9.66,9.47,9.53,9.2582,27300,0.047,1.0
2019-02-15,9.57,9.643,9.45,9.46,9.1902,35800,0.0,1.0
2019-02-19,9.536,9.536,9.41,9.41,9.1416,34300,0.0,1.0
2019-02-20,9.5,9.55,9.47,9.55,9.2776,32800,0.0,1.0
2019-02-21,9.525,9.57,9.47,9.47,9.1999,58500,0.0,1.0
2019-02-22,9.6,9.68,9.4397,9.45,9.1805,78600,0.0,1.0
2019-02-25,9.53,9.53,9.4604,9.49,9.2193,31400,0.0,1.0
2019-02-26,9.52,9.55,9.46,9.55,9.2776,38400,0.0,1.0
2019-02-27,9.6,9.6,9.42,9.47,9.1999,44600,0.0,1.0
2019-02-28,9.46,9.51,9.46,9.5,9.229,32000,0.0,1.0
2019-03-01,9.56,9.615,9.48,9.513,9.2417,43800,0.0,1.0
2019-03-04,9.53,9.56,9.49,9.49,9.2193,26600,0.0,1.0
2019-03-05,9.509,9.539,9.4794,9.49,9.2193,40000,0.0,1.0
2019-03-06,9.53,9.53,9.492,9.53,9.2582,38300,0.0,1.0
2019-03-07,9.59,9.59,9.47,9.59,9.3165,39500,0.0,1.0
2019-03-08,9.59,9.63,9.561,9.62,9.3456,65200,0.0,1.0
2019-03-11,9.6,9.6796,9.47,9.48,9.2096,57900,0.0,1.0
2019-03-12,9.559,9.58,9.521,9.546,9.2737,27500,0.0,1.0
2019-03-13,9.54,9.59,9.54,9.59,9.3165,21700,0.0,1.0
2019-03-14,9.68,9.68,9.519,9.63,9.4014,40700,0.047,1.0
2019-03-15,9.62,9.63,9.49,9.54,9.3135,37200,0.0,1.0
2019-03-18,9.521,9.68,9.52,9.61,9.3819,41400,0.0,1.0
2019-03-19,9.65,9.65,9.53,9.55,9.3233,61900,0.0,1.0
2019-03-20,9.58,9.62,9.51,9.51,9.2842,42500,0.0,1.0
2019-03-21,9.56,9.575,9.52,9.52,9.294,26100,0.0,1.0
2019-03-22,9.5203,9.539,9.5,9.51,9.2842,49800,0.0,1.0
2019-03-25,9.52,9.53,9.48,9.49,9.2647,27200,0.0,1.0
2019-03-26,9.5,9.52,9.48,9.502,9.2764,35700,0.0,1.0
2019-03-27,9.52,9.55,9.5,9.55,9.3233,34300,0.0,1.0
2019-03-28,9.51,9.54,9.5,9.52,9.294,53300,0.0,1.0
2019-03-29,9.54,9.68,9.52,9.64,9.4112,39500,0.0,1.0
2019-04-01,9.68,9.68,9.596,9.66,9.4307,18100,0.0,1.0
2019-04-02,9.66,9.67,9.64,9.67,9.4404,27200,0.0,1.0
2019-04-03,9.67,9.78,9.651,9.68,9.4502,63200,0.0,1.0
2019-04-04,9.71,9.73,9.61,9.66,9.4307,50100,0.0,1.0
2019-04-05,9.7,9.95,9.68,9.81,9.5771,42600,0.0,1.0
2019-04-08,9.8,9.855,9.64,9.85,9.6162,37500,0.0,1.0
2019-04-09,9.8,9.9,9.8,9.82,9.5869,36000,0.0,1.0
2019-04-10,9.88,9.88,9.82,9.84,9.6064,27700,0.0,1.0
2019-04-11,9.85,9.88,9.821,9.84,9.6064,29400,0.0,1.0
2019-04-12,9.788,9.79,9.7,9.72,9.5348,32800,0.047,1.0
2019-04-15,9.82,9.82,9.78,9.78,9.5937,31800,0.0,1.0
2019-04-16,9.75,9.81,9.72,9.748,9.5623,41700,0.0,1.0
2019-04-17,9.8199,9.92,9.743,9.871,9.6829,56000,0.0,1.0
2019-04-18,9.84,9.99,9.726,9.88,9.6917,55300,0.0,1.0
2019-04-22,9.85,9.85,9.72,9.72,9.5348,33400,0.0,1.0
2019-04-23,9.73,9.76,9.7,9.71,9.525,54800,0.0,1.0
2019-04-24,9.79,9.79,9.71,9.71,9.525,21400,0.0,1.0
2019-04-25,9.75,9.773,9.69,9.7,9.5152,52000,0.0,1.0
2019-04-26,9.69,9.73,9.65,9.666,9.4818,37500,0.0,1.0
2019-04-29,9.74,9.74,9.71,9.72,9.5348,27000,0.0,1.0
2019-04-30,9.7,9.76,9.65,9.76,9.574,77600,0.0,1.0
2019-05-01,9.8,9.7998,9.73,9.73,9.5446,59200,0.0,1.0
2019-05-02,9.75,9.85,9.721,9.8,9.6133,35100,0.0,1.0
2019-05-03,9.8,9.88,9.8,9.82,9.6329,13400,0.0,1.0
2019-05-06,9.8,9.83,9.73,9.83,9.6427,31700,0.0,1.0
2019-05-07,9.86,9.8607,9.75,9.78,9.5937,37400,0.0,1.0
2019-05-08,9.78,9.89,9.74,9.75,9.5642,56900,0.0,1.0
2019-05-09,9.7,9.85,9.619,9.79,9.6035,37500,0.0,1.0
2019-05-10,9.83,9.879,9.768,9.85,9.6623,14000,0.0,1.0
2019-05-13,9.78,9.85,9.78,9.825,9.6378,20200,0.0,1.0
2019-05-14,9.7603,9.94,9.755,9.93,9.7876,72500,0.047,1.0
2019-05-15,9.92,9.93,9.852,9.88,9.7383,44900,0.0,1.0
2019-05-16,9.87,9.9,9.76,9.77,9.6299,27100,0.0,1.0
2019-05-17,9.77,9.842,9.77,9.8,9.6595,13400,0.0,1.0
2019-05-20,9.76,9.88,9.76,9.81,9.6693,28500,0.0,1.0
2019-05-21,9.8104,9.83,9.69,9.72,9.5806,57000,0.0,1.0
2019-05-22,9.733,9.761,9.665,9.67,9.5313,37900,0.0,1.0
2019-05-23,9.54,9.713,9.54,9.7,9.5609,60000,0.0,1.0
2019-05-24,9.7,9.79,9.7,9.7,9.5609,35000,0.0,1.0
2019-05-28,9.719,9.76,9.649,9.67,9.5313,45500,0.0,1.0
2019-05-29,9.78,9.78,9.55,9.57,9.4328,71600,0.0,1.0
2019-05-30,9.63,9.78,9.6,9.64,9.5018,39400,0.0,1.0
2019-05-31,9.61,9.71,9.61,9.71,9.5708,22700,0.0,1.0
2019-06-03,9.71,9.71,9.63,9.63,9.4919,52600,0.0,1.0
2019-06-04,9.64,9.71,9.64,9.67,9.5313,18800,0.0,1.0
2019-06-05,9.67,9.75,9.6704,9.75,9.6102,16400,0.0,1.0
2019-06-06,9.74,9.83,9.736,9.82,9.6792,26200,0.0,1.0
2019-06-07,9.789,9.83,9.789,9.83,9.6891,6000,0.0,1.0
2019-06-10,9.8,9.829,9.8,9.8,9.6595,12600,0.0,1.0
2019-06-11,9.8,9.829,9.8,9.809,9.6684,16100,0.0,1.0
2019-06-12,9.8,9.82,9.76,9.82,9.6792,22900,0.0,1.0
2019-06-13,9.8,9.829,9.761,9.78,9.6861,26600,0.047,1.0
2019-06-14,9.72,9.89,9.72,9.89,9.7951,36900,0.0,1.0
2019-06-17,9.809,9.85,9.75,9.78,9.6861,25700,0.0,1.0
2019-06-18,9.78,9.93,9.7798,9.85,9.7555,70000,0.0,1.0
2019-06-19,9.81,9.89,9.8,9.86,9.7654,26600,0.0,1.0
2019-06-20,9.87,9.9,9.81,9.82,9.7257,36900,0.0,1.0
2019-06-21,9.8,9.85,9.78,9.82,9.7257,24100,0.0,1.0
2019-06-24,9.79,9.88,9.7903,9.8,9.7059,26900,0.0,1.0
2019-06-25,9.79,9.81,9.75,9.78,9.6861,39900,0.0,1.0
2019-06-26,9.77,9.87,9.77,9.87,9.7753,23800,0.0,1.0
2019-06-27,9.78,9.84,9.73,9.77,9.6762,67500,0.0,1.0
2019-06-28,9.85,9.85,9.55,9.55,9.4583,274100,0.0,1.0
2019-07-01,9.69,9.6997,9.65,9.65,9.5574,63300,0.0,1.0
2019-07-02,9.64,9.67,9.64,9.67,9.5772,39600,0.0,1.0
2019-07-03,9.66,9.72,9.66,9.67,9.5772,16700,0.0,1.0
2019-07-05,9.68,9.7,9.6,9.6,9.5079,46100,0.0,1.0
2019-07-08,9.61,9.69,9.61,9.64,9.5475,46700,0.0,1.0
2019-07-09,9.68,9.779,9.641,9.7,9.6069,77100,0.0,1.0
2019-07-10,9.78,9.78,9.7,9.75,9.6564,68800,0.0,1.0
2019-07-11,9.75,9.75,9.6991,9.71,9.6168,27500,0.0,1.0
2019-07-12,9.67,9.733,9.67,9.69,9.6437,34100,0.047,1.0
2019-07-15,9.707,9.74,9.6604,9.7,9.6536,23700,0.0,1.0
2019-07-16,9.75,9.75,9.67,9.68,9.6337,40600,0.0,1.0
2019-07-17,9.7,9.75,9.7,9.71,9.6636,27700,0.0,1.0
2019-07-18,9.68,9.75,9.68,9.73,9.6835,51100,0.0,1.0
2019-07-19,9.77,9.79,9.7098,9.71,9.6636,44300,0.0,1.0
2019-07-22,9.7,9.76,9.69,9.69,9.6437,26000,0.0,1.0
2019-07-23,9.71,9.81,9.71,9.8,9.7531,66000,0.0,1.0
2019-07-24,9.81,9.91,9.8,9.81,9.7631,104500,0.0,1.0
2019-07-25,9.77,9.852,9.74,9.82,9.773,64200,0.0,1.0
2019-07-26,9.83,9.88,9.78,9.82,9.773,54000,0.0,1.0
2019-07-29,9.812,9.84,9.77,9.77,9.7233,52300,0.0,1.0
2019-07-30,9.84,9.89,9.77,9.89,9.8427,45200,0.0,1.0
2019-07-31,9.86,9.8599,9.75,9.78,9.7332,58400,0.0,1.0
2019-08-01,9.76,9.821,9.72,9.72,9.6735,34100,0.0,1.0
2019-08-02,9.73,9.7619,9.7,9.75,9.7034,35400,0.0,1.0
2019-08-05,9.67,9.8,9.67,9.8,9.7531,23600,0.0,1.0
2019-08-06,9.72,9.79,9.67,9.74,9.6934,25200,0.0,1.0
2019-08-07,9.72,9.82,9.72,9.74,9.6934,24100,0.0,1.0
2019-08-08,9.73,9.809,9.73,9.8,9.7531,10700,0.0,1.0
2019-08-09,9.8,9.84,9.781,9.823,9.776,33700,0.0,1.0
2019-08-12,9.81,9.899,9.78,9.829,9.782,55700,0.0,1.0
2019-08-13,9.85,9.85,9.75,9.83,9.783,53400,0.0,1.0
2019-08-14,9.71,9.81,9.644,9.7,9.7,90700,0.047,1.0
2019-08-15,9.715,9.715,9.6,9.6,9.6,84100,0.0,1.0
2019-08-16,9.61,9.715,9.52,9.53,9.53,127100,0.0,1.0
2019-08-19,9.55,9.63,9.55,9.6,9.6,62200,0.0,1.0
2019-08-20,9.54,9.59,9.54,9.59,9.59,44100,0.0,1.0
2019-08-21,9.63,9.65,9.58,9.64,9.64,47100,0.0,1.0
2019-08-22,9.65,9.675,9.635,9.66,9.66,77800,0.0,1.0
2019-08-23,9.61,9.67,9.61,9.64,9.64,16000,0.0,1.0
2019-08-26,9.65,9.71,9.53,9.53,9.53,102700,0.0,1.0
2019-08-27,9.54,9.59,9.54,9.59,9.59,50000,0.0,1.0
2019-08-28,9.59,9.64,9.56,9.62,9.62,71900,0.0,1.0
2019-08-29,9.63,9.69,9.618,9.64,9.64,61800,0.0,1.0
2019-08-30,9.63,9.69,9.63,9.65,9.65,34800,0.0,1.0
2019-09-03,9.72,9.72,9.614,9.62,9.62,39900,0.0,1.0
2019-09-04,9.649,9.65,9.59,9.64,9.64,61100,0.0,1.0
2019-09-05,9.63,9.67,9.61,9.64,9.64,64700,0.0,1.0
2019-09-06,9.68,9.74,9.64,9.73,9.73,58800,0.0,1.0
2019-09-09,9.73,9.81,9.723,9.81,9.81,48100,0.0,1.0
2019-09-10,9.795,9.81,9.73,9.81,9.81,37103,0.0,1.0
